mass,center_x,center_y,second_moment,sobel_mean_magnitude,sobel_std_magnitude,aspect_ratio,vertical_intensity_variance,num_contours,hole_count,avg_euler_number,avg_contour_solidity,avg_contour_area,compactness,cc_count,avg_cc_area,cc_area_std,left_sum,right_sum,top_sum,bottom_sum,avgs,avg_1,avg_2,avg_3,avg_4,avg_5,avg_6,avg_7,avg_8,predicted_character
94,-0.0425531914893617,-1.074468085106383,1178.052664756775,48.09588065936114,134.56405717111272,1.0,294.7346410751343,2,0,1.0,0.8516949152542372,24.25,0.3477039099354108,1,56.0,0.0,1590,2620,1481,1140,,1.0,2.0,1.0,0.0,1.0,2.0,1.0,2.0,7
68,-0.2941176470588235,-1.2058823529411764,614.9946556091309,34.55822122610575,106.77511254120752,1.0,144.0600242614746,1,0,1.0,0.6907216494845361,33.5,0.3490575854416525,1,50.0,0.0,1817,1746,1129,1018,,1.0,2.0,1.0,2.0,1.0,0.0,1.0,0.0,7
77,0.1363636363636363,-0.461038961038961,980.9989624023438,45.41582382620379,133.74541689320506,1.0,246.22442626953125,1,0,1.0,0.6097560975609756,37.5,0.3064619035675245,1,55.0,0.0,1889,3002,1477,1402,,1.0,0.0,1.0,2.0,1.0,2.0,3.0,2.0,7
92,-0.4456521739130434,-0.1304347826086956,1233.2724876403809,51.89049969629849,142.53256572190244,1.0,331.35830307006836,2,0,1.0,0.7094017094017094,41.5,0.3697355673046433,2,30.0,29.0,2133,3123,1692,1858,,1.0,0.0,1.0,2.0,1.0,2.0,1.0,0.0,7
77,-0.2142857142857142,-1.6948051948051948,773.7621726989746,39.63902794030018,114.87371379126778,1.0,179.3528709411621,2,0,1.0,0.9608695652173912,33.75,0.7330569260482616,1,58.0,0.0,1649,1986,490,1013,,1.0,2.0,3.0,2.0,1.0,2.0,1.0,0.0,7
53,-0.4245283018867924,-2.443396226415094,695.9136009216309,36.63315903134709,128.13306353897903,1.0,128.73183822631836,1,0,1.0,0.6142857142857143,21.5,0.3273707721600734,1,35.0,0.0,1642,1807,2018,629,,1.0,0.0,1.0,0.0,1.0,0.0,-1.0,-2.0,7
49,-0.0306122448979591,-0.6224489795918368,880.1899862289429,38.86365245560326,147.17146712783725,1.0,291.705885887146,1,0,1.0,0.7333333333333333,11.0,0.2652470555743751,1,23.0,0.0,2914,2914,650,360,,1.0,0.0,1.0,0.0,1.0,2.0,3.0,2.0,7
