Country Name,Country Code,Series Name,Series Code,2019 [YR2019]
Afghanistan,AFG,"Fertility rate, total (births per woman)",SP.DYN.TFRT.IN,5.238
Afghanistan,AFG,GDP per capita growth (annual %),NY.GDP.PCAP.KD.ZG,0.856294729087764
Afghanistan,AFG,Population growth (annual %),SP.POP.GROW,2.98438913621969
Afghanistan,AFG,"Life expectancy at birth, total (years)",SP.DYN.LE00.IN,62.941
Afghanistan,AFG,Net migration,SM.POP.NETM,9159
Albania,ALB,"Fertility rate, total (births per woman)",SP.DYN.TFRT.IN,1.395
Albania,ALB,GDP per capita growth (annual %),NY.GDP.PCAP.KD.ZG,2.4982994465818
Albania,ALB,Population growth (annual %),SP.POP.GROW,-0.426007367032238
Albania,ALB,"Life expectancy at birth, total (years)",SP.DYN.LE00.IN,79.467
Albania,ALB,Net migration,SM.POP.NETM,-23094
Algeria,DZA,"Fertility rate, total (births per woman)",SP.DYN.TFRT.IN,2.997
Algeria,DZA,GDP per capita growth (annual %),NY.GDP.PCAP.KD.ZG,-0.939992962004737
Algeria,DZA,Population growth (annual %),SP.POP.GROW,1.84041291439333
Algeria,DZA,"Life expectancy at birth, total (years)",SP.DYN.LE00.IN,75.682
Algeria,DZA,Net migration,SM.POP.NETM,-27786
American Samoa,ASM,"Fertility rate, total (births per woman)",SP.DYN.TFRT.IN,2.404
American Samoa,ASM,GDP per capita growth (annual %),NY.GDP.PCAP.KD.ZG,0.897584681397618
American Samoa,ASM,Population growth (annual %),SP.POP.GROW,-1.38257886328442
American Samoa,ASM,"Life expectancy at birth, total (years)",SP.DYN.LE00.IN,72.751
American Samoa,ASM,Net migration,SM.POP.NETM,-1212
Andorra,AND,"Fertility rate, total (births per woman)",SP.DYN.TFRT.IN,1.045
Andorra,AND,GDP per capita growth (annual %),NY.GDP.PCAP.KD.ZG,0.265352820614368
Andorra,AND,Population growth (annual %),SP.POP.GROW,1.73050296926809
Andorra,AND,"Life expectancy at birth, total (years)",SP.DYN.LE00.IN,84.098
Andorra,AND,Net migration,SM.POP.NETM,1245
Angola,AGO,"Fertility rate, total (births per woman)",SP.DYN.TFRT.IN,5.442
Angola,AGO,GDP per capita growth (annual %),NY.GDP.PCAP.KD.ZG,-4.01001733670611
Angola,AGO,Population growth (annual %),SP.POP.GROW,3.38788422184303
Angola,AGO,"Life expectancy at birth, total (years)",SP.DYN.LE00.IN,63.051
Angola,AGO,Net migration,SM.POP.NETM,58984
Antigua and Barbuda,ATG,"Fertility rate, total (births per woman)",SP.DYN.TFRT.IN,1.468
Antigua and Barbuda,ATG,GDP per capita growth (annual %),NY.GDP.PCAP.KD.ZG,2.67761319425004
Antigua and Barbuda,ATG,Population growth (annual %),SP.POP.GROW,0.480553889847623
Antigua and Barbuda,ATG,"Life expectancy at birth, total (years)",SP.DYN.LE00.IN,77.168
Antigua and Barbuda,ATG,Net migration,SM.POP.NETM,0
Argentina,ARG,"Fertility rate, total (births per woman)",SP.DYN.TFRT.IN,1.882
Argentina,ARG,GDP per capita growth (annual %),NY.GDP.PCAP.KD.ZG,-2.69506723533574
Argentina,ARG,Population growth (annual %),SP.POP.GROW,0.710900853077743
Argentina,ARG,"Life expectancy at birth, total (years)",SP.DYN.LE00.IN,76.847
Argentina,ARG,Net migration,SM.POP.NETM,5397
Armenia,ARM,"Fertility rate, total (births per woman)",SP.DYN.TFRT.IN,1.6
Armenia,ARM,GDP per capita growth (annual %),NY.GDP.PCAP.KD.ZG,7.83608438672164
Armenia,ARM,Population growth (annual %),SP.POP.GROW,-0.219168932037313
Armenia,ARM,"Life expectancy at birth, total (years)",SP.DYN.LE00.IN,76.2219512195122
Armenia,ARM,Net migration,SM.POP.NETM,-14330
Aruba,ABW,"Fertility rate, total (births per woman)",SP.DYN.TFRT.IN,1.701
Aruba,ABW,GDP per capita growth (annual %),NY.GDP.PCAP.KD.ZG,-2.496550426491
Aruba,ABW,Population growth (annual %),SP.POP.GROW,0.270504632854835
Aruba,ABW,"Life expectancy at birth, total (years)",SP.DYN.LE00.IN,76.019
Aruba,ABW,Net migration,SM.POP.NETM,420
Australia,AUS,"Fertility rate, total (births per woman)",SP.DYN.TFRT.IN,1.657
Australia,AUS,GDP per capita growth (annual %),NY.GDP.PCAP.KD.ZG,0.673067165560809
Australia,AUS,Population growth (annual %),SP.POP.GROW,1.47749071058438
Australia,AUS,"Life expectancy at birth, total (years)",SP.DYN.LE00.IN,82.9
Australia,AUS,Net migration,SM.POP.NETM,207142
Austria,AUT,"Fertility rate, total (births per woman)",SP.DYN.TFRT.IN,1.46
Austria,AUT,GDP per capita growth (annual %),NY.GDP.PCAP.KD.ZG,1.30350317565873
Austria,AUT,Population growth (annual %),SP.POP.GROW,0.444673639004876
Austria,AUT,"Life expectancy at birth, total (years)",SP.DYN.LE00.IN,81.8951219512195
Austria,AUT,Net migration,SM.POP.NETM,41090
Azerbaijan,AZE,"Fertility rate, total (births per woman)",SP.DYN.TFRT.IN,1.81
Azerbaijan,AZE,GDP per capita growth (annual %),NY.GDP.PCAP.KD.ZG,1.61582957425298
Azerbaijan,AZE,Population growth (annual %),SP.POP.GROW,0.846646726414021
Azerbaijan,AZE,"Life expectancy at birth, total (years)",SP.DYN.LE00.IN,73.29
Azerbaijan,AZE,Net migration,SM.POP.NETM,384
"Bahamas, The",BHS,"Fertility rate, total (births per woman)",SP.DYN.TFRT.IN,1.397
"Bahamas, The",BHS,GDP per capita growth (annual %),NY.GDP.PCAP.KD.ZG,-1.33099312036482
"Bahamas, The",BHS,Population growth (annual %),SP.POP.GROW,0.497339072752345
"Bahamas, The",BHS,"Life expectancy at birth, total (years)",SP.DYN.LE00.IN,71.408
"Bahamas, The",BHS,Net migration,SM.POP.NETM,1002
Bahrain,BHR,"Fertility rate, total (births per woman)",SP.DYN.TFRT.IN,1.843
Bahrain,BHR,GDP per capita growth (annual %),NY.GDP.PCAP.KD.ZG,3.38274086937953
Bahrain,BHR,Population growth (annual %),SP.POP.GROW,-1.29469437720599
Bahrain,BHR,"Life expectancy at birth, total (years)",SP.DYN.LE00.IN,80.471
Bahrain,BHR,Net migration,SM.POP.NETM,-31967
Bangladesh,BGD,"Fertility rate, total (births per woman)",SP.DYN.TFRT.IN,2.18
Bangladesh,BGD,GDP per capita growth (annual %),NY.GDP.PCAP.KD.ZG,6.97264399779152
Bangladesh,BGD,Population growth (annual %),SP.POP.GROW,0.84641125179804
Bangladesh,BGD,"Life expectancy at birth, total (years)",SP.DYN.LE00.IN,72.625
Bangladesh,BGD,Net migration,SM.POP.NETM,-1016796
Barbados,BRB,"Fertility rate, total (births per woman)",SP.DYN.TFRT.IN,1.715
Barbados,BRB,GDP per capita growth (annual %),NY.GDP.PCAP.KD.ZG,0.475051848593893
Barbados,BRB,Population growth (annual %),SP.POP.GROW,0.176538259610281
Barbados,BRB,"Life expectancy at birth, total (years)",SP.DYN.LE00.IN,76.495
Barbados,BRB,Net migration,SM.POP.NETM,-65
Belarus,BLR,"Fertility rate, total (births per woman)",SP.DYN.TFRT.IN,1.382
Belarus,BLR,GDP per capita growth (annual %),NY.GDP.PCAP.KD.ZG,1.65136750420831
Belarus,BLR,Population growth (annual %),SP.POP.GROW,-0.201786600970723
Belarus,BLR,"Life expectancy at birth, total (years)",SP.DYN.LE00.IN,74.2268292682927
Belarus,BLR,Net migration,SM.POP.NETM,-33954
Belgium,BEL,"Fertility rate, total (births per woman)",SP.DYN.TFRT.IN,1.6
Belgium,BEL,GDP per capita growth (annual %),NY.GDP.PCAP.KD.ZG,1.89071932044187
Belgium,BEL,Population growth (annual %),SP.POP.GROW,0.540461327098122
Belgium,BEL,"Life expectancy at birth, total (years)",SP.DYN.LE00.IN,81.9951219512195
Belgium,BEL,Net migration,SM.POP.NETM,58469
Belize,BLZ,"Fertility rate, total (births per woman)",SP.DYN.TFRT.IN,2.142
Belize,BLZ,GDP per capita growth (annual %),NY.GDP.PCAP.KD.ZG,2.75346463455901
Belize,BLZ,Population growth (annual %),SP.POP.GROW,1.46284533510266
Belize,BLZ,"Life expectancy at birth, total (years)",SP.DYN.LE00.IN,72.577
Belize,BLZ,Net migration,SM.POP.NETM,-606
Benin,BEN,"Fertility rate, total (births per woman)",SP.DYN.TFRT.IN,4.9
Benin,BEN,GDP per capita growth (annual %),NY.GDP.PCAP.KD.ZG,3.98211326561793
Benin,BEN,Population growth (annual %),SP.POP.GROW,2.73538842831436
Benin,BEN,"Life expectancy at birth, total (years)",SP.DYN.LE00.IN,59.888
Benin,BEN,Net migration,SM.POP.NETM,3366
Bermuda,BMU,"Fertility rate, total (births per woman)",SP.DYN.TFRT.IN,1.383
Bermuda,BMU,GDP per capita growth (annual %),NY.GDP.PCAP.KD.ZG,-0.124745932153232
Bermuda,BMU,Population growth (annual %),SP.POP.GROW,0.431459657274573
Bermuda,BMU,"Life expectancy at birth, total (years)",SP.DYN.LE00.IN,81.251
Bermuda,BMU,Net migration,SM.POP.NETM,286
Bhutan,BTN,"Fertility rate, total (births per woman)",SP.DYN.TFRT.IN,1.448
Bhutan,BTN,GDP per capita growth (annual %),NY.GDP.PCAP.KD.ZG,5.05479153201512
Bhutan,BTN,Population growth (annual %),SP.POP.GROW,0.66444642692507
Bhutan,BTN,"Life expectancy at birth, total (years)",SP.DYN.LE00.IN,72.005
Bhutan,BTN,Net migration,SM.POP.NETM,287
Bolivia,BOL,"Fertility rate, total (births per woman)",SP.DYN.TFRT.IN,2.688
Bolivia,BOL,GDP per capita growth (annual %),NY.GDP.PCAP.KD.ZG,0.789012054636089
Bolivia,BOL,Population growth (annual %),SP.POP.GROW,1.40657823805422
Bolivia,BOL,"Life expectancy at birth, total (years)",SP.DYN.LE00.IN,67.82
Bolivia,BOL,Net migration,SM.POP.NETM,-8981
Bosnia and Herzegovina,BIH,"Fertility rate, total (births per woman)",SP.DYN.TFRT.IN,1.509
Bosnia and Herzegovina,BIH,GDP per capita growth (annual %),NY.GDP.PCAP.KD.ZG,4.16260485448264
Bosnia and Herzegovina,BIH,Population growth (annual %),SP.POP.GROW,-1.23185506471358
Bosnia and Herzegovina,BIH,"Life expectancy at birth, total (years)",SP.DYN.LE00.IN,77.394
Bosnia and Herzegovina,BIH,Net migration,SM.POP.NETM,-27841
Botswana,BWA,"Fertility rate, total (births per woman)",SP.DYN.TFRT.IN,2.906
Botswana,BWA,GDP per capita growth (annual %),NY.GDP.PCAP.KD.ZG,1.57639091729142
Botswana,BWA,Population growth (annual %),SP.POP.GROW,1.42262847077389
Botswana,BWA,"Life expectancy at birth, total (years)",SP.DYN.LE00.IN,67.167
Botswana,BWA,Net migration,SM.POP.NETM,-11770
Brazil,BRA,"Fertility rate, total (births per woman)",SP.DYN.TFRT.IN,1.705
Brazil,BRA,GDP per capita growth (annual %),NY.GDP.PCAP.KD.ZG,0.562970837578547
Brazil,BRA,Population growth (annual %),SP.POP.GROW,0.651994346081362
Brazil,BRA,"Life expectancy at birth, total (years)",SP.DYN.LE00.IN,75.809
Brazil,BRA,Net migration,SM.POP.NETM,-129216
British Virgin Islands,VGB,"Fertility rate, total (births per woman)",SP.DYN.TFRT.IN,0.941
British Virgin Islands,VGB,GDP per capita growth (annual %),NY.GDP.PCAP.KD.ZG,..
British Virgin Islands,VGB,Population growth (annual %),SP.POP.GROW,4.8931677135622
British Virgin Islands,VGB,"Life expectancy at birth, total (years)",SP.DYN.LE00.IN,76.845
British Virgin Islands,VGB,Net migration,SM.POP.NETM,419
Brunei Darussalam,BRN,"Fertility rate, total (births per woman)",SP.DYN.TFRT.IN,1.819
Brunei Darussalam,BRN,GDP per capita growth (annual %),NY.GDP.PCAP.KD.ZG,2.72616486759021
Brunei Darussalam,BRN,Population growth (annual %),SP.POP.GROW,1.10621350885567
Brunei Darussalam,BRN,"Life expectancy at birth, total (years)",SP.DYN.LE00.IN,75.049
Brunei Darussalam,BRN,Net migration,SM.POP.NETM,456
Bulgaria,BGR,"Fertility rate, total (births per woman)",SP.DYN.TFRT.IN,1.79
Bulgaria,BGR,GDP per capita growth (annual %),NY.GDP.PCAP.KD.ZG,5.26444792337858
Bulgaria,BGR,Population growth (annual %),SP.POP.GROW,-1.41171852077109
Bulgaria,BGR,"Life expectancy at birth, total (years)",SP.DYN.LE00.IN,75.1121951219512
Bulgaria,BGR,Net migration,SM.POP.NETM,-2156
Burkina Faso,BFA,"Fertility rate, total (births per woman)",SP.DYN.TFRT.IN,4.681
Burkina Faso,BFA,GDP per capita growth (annual %),NY.GDP.PCAP.KD.ZG,3.24391866186016
Burkina Faso,BFA,Population growth (annual %),SP.POP.GROW,2.52989803984158
Burkina Faso,BFA,"Life expectancy at birth, total (years)",SP.DYN.LE00.IN,60.184
Burkina Faso,BFA,Net migration,SM.POP.NETM,-25240
Burundi,BDI,"Fertility rate, total (births per woman)",SP.DYN.TFRT.IN,5.271
Burundi,BDI,GDP per capita growth (annual %),NY.GDP.PCAP.KD.ZG,-1.47633483230206
Burundi,BDI,Population growth (annual %),SP.POP.GROW,3.28367531420808
Burundi,BDI,"Life expectancy at birth, total (years)",SP.DYN.LE00.IN,62.18
Burundi,BDI,Net migration,SM.POP.NETM,14253
Cabo Verde,CPV,"Fertility rate, total (births per woman)",SP.DYN.TFRT.IN,1.698
Cabo Verde,CPV,GDP per capita growth (annual %),NY.GDP.PCAP.KD.ZG,6.80449531732363
Cabo Verde,CPV,Population growth (annual %),SP.POP.GROW,0.134109462358547
Cabo Verde,CPV,"Life expectancy at birth, total (years)",SP.DYN.LE00.IN,75.449
Cabo Verde,CPV,Net migration,SM.POP.NETM,-4001
Cambodia,KHM,"Fertility rate, total (births per woman)",SP.DYN.TFRT.IN,2.725
Cambodia,KHM,GDP per capita growth (annual %),NY.GDP.PCAP.KD.ZG,6.58272364852731
Cambodia,KHM,Population growth (annual %),SP.POP.GROW,1.26258301009769
Cambodia,KHM,"Life expectancy at birth, total (years)",SP.DYN.LE00.IN,70.127
Cambodia,KHM,Net migration,SM.POP.NETM,-57268
Cameroon,CMR,"Fertility rate, total (births per woman)",SP.DYN.TFRT.IN,4.651
Cameroon,CMR,GDP per capita growth (annual %),NY.GDP.PCAP.KD.ZG,0.636415290549962
Cameroon,CMR,Population growth (annual %),SP.POP.GROW,2.78164441246944
Cameroon,CMR,"Life expectancy at birth, total (years)",SP.DYN.LE00.IN,61.695
Cameroon,CMR,Net migration,SM.POP.NETM,-12255
Canada,CAN,"Fertility rate, total (births per woman)",SP.DYN.TFRT.IN,1.47
Canada,CAN,GDP per capita growth (annual %),NY.GDP.PCAP.KD.ZG,0.429657601305934
Canada,CAN,Population growth (annual %),SP.POP.GROW,1.46171259938134
Canada,CAN,"Life expectancy at birth, total (years)",SP.DYN.LE00.IN,82.1636585365854
Canada,CAN,Net migration,SM.POP.NETM,387685
Cayman Islands,CYM,"Fertility rate, total (births per woman)",SP.DYN.TFRT.IN,1.508
Cayman Islands,CYM,GDP per capita growth (annual %),NY.GDP.PCAP.KD.ZG,1.77641822923059
Cayman Islands,CYM,Population growth (annual %),SP.POP.GROW,2.08009420729087
Cayman Islands,CYM,"Life expectancy at birth, total (years)",SP.DYN.LE00.IN,79.052
Cayman Islands,CYM,Net migration,SM.POP.NETM,859
Central African Republic,CAF,"Fertility rate, total (births per woman)",SP.DYN.TFRT.IN,6.09
Central African Republic,CAF,GDP per capita growth (annual %),NY.GDP.PCAP.KD.ZG,1.72290159793216
Central African Republic,CAF,Population growth (annual %),SP.POP.GROW,1.34469255324203
Central African Republic,CAF,"Life expectancy at birth, total (years)",SP.DYN.LE00.IN,31.53
Central African Republic,CAF,Net migration,SM.POP.NETM,-36849
Chad,TCD,"Fertility rate, total (births per woman)",SP.DYN.TFRT.IN,6.412
Chad,TCD,GDP per capita growth (annual %),NY.GDP.PCAP.KD.ZG,2.04928608343727
Chad,TCD,Population growth (annual %),SP.POP.GROW,3.21991132048391
Chad,TCD,"Life expectancy at birth, total (years)",SP.DYN.LE00.IN,52.993
Chad,TCD,Net migration,SM.POP.NETM,-29451
Channel Islands,CHI,"Fertility rate, total (births per woman)",SP.DYN.TFRT.IN,1.35
Channel Islands,CHI,GDP per capita growth (annual %),NY.GDP.PCAP.KD.ZG,1.15023329351136
Channel Islands,CHI,Population growth (annual %),SP.POP.GROW,0.417438625700863
Channel Islands,CHI,"Life expectancy at birth, total (years)",SP.DYN.LE00.IN,81.2
Channel Islands,CHI,Net migration,SM.POP.NETM,900
Chile,CHL,"Fertility rate, total (births per woman)",SP.DYN.TFRT.IN,1.43
Chile,CHL,GDP per capita growth (annual %),NY.GDP.PCAP.KD.ZG,-0.962096016030856
Chile,CHL,Population growth (annual %),SP.POP.GROW,1.59911795256016
Chile,CHL,"Life expectancy at birth, total (years)",SP.DYN.LE00.IN,80.324
Chile,CHL,Net migration,SM.POP.NETM,181339
China,CHN,"Fertility rate, total (births per woman)",SP.DYN.TFRT.IN,1.496
China,CHN,GDP per capita growth (annual %),NY.GDP.PCAP.KD.ZG,5.6929006014863
China,CHN,Population growth (annual %),SP.POP.GROW,0.354740890170827
China,CHN,"Life expectancy at birth, total (years)",SP.DYN.LE00.IN,77.94
China,CHN,Net migration,SM.POP.NETM,-656091
Colombia,COL,"Fertility rate, total (births per woman)",SP.DYN.TFRT.IN,1.71
Colombia,COL,GDP per capita growth (annual %),NY.GDP.PCAP.KD.ZG,1.36014067984289
Colombia,COL,Population growth (annual %),SP.POP.GROW,1.78615507724394
Colombia,COL,"Life expectancy at birth, total (years)",SP.DYN.LE00.IN,76.793
Colombia,COL,Net migration,SM.POP.NETM,396826
Comoros,COM,"Fertility rate, total (births per woman)",SP.DYN.TFRT.IN,4.138
Comoros,COM,GDP per capita growth (annual %),NY.GDP.PCAP.KD.ZG,1.65415614580486
Comoros,COM,Population growth (annual %),SP.POP.GROW,1.92385702700328
Comoros,COM,"Life expectancy at birth, total (years)",SP.DYN.LE00.IN,65.662
Comoros,COM,Net migration,SM.POP.NETM,-2916
"Congo, Dem. Rep.",COD,"Fertility rate, total (births per woman)",SP.DYN.TFRT.IN,6.253
"Congo, Dem. Rep.",COD,GDP per capita growth (annual %),NY.GDP.PCAP.KD.ZG,1.12791372118168
"Congo, Dem. Rep.",COD,Population growth (annual %),SP.POP.GROW,3.1695285579572
"Congo, Dem. Rep.",COD,"Life expectancy at birth, total (years)",SP.DYN.LE00.IN,60.242
"Congo, Dem. Rep.",COD,Net migration,SM.POP.NETM,-144920
"Congo, Rep.",COG,"Fertility rate, total (births per woman)",SP.DYN.TFRT.IN,4.38
"Congo, Rep.",COG,GDP per capita growth (annual %),NY.GDP.PCAP.KD.ZG,-1.27988440285151
"Congo, Rep.",COG,Population growth (annual %),SP.POP.GROW,2.40634419722279
"Congo, Rep.",COG,"Life expectancy at birth, total (years)",SP.DYN.LE00.IN,63.152
"Congo, Rep.",COG,Net migration,SM.POP.NETM,-6268
Costa Rica,CRI,"Fertility rate, total (births per woman)",SP.DYN.TFRT.IN,1.6
Costa Rica,CRI,GDP per capita growth (annual %),NY.GDP.PCAP.KD.ZG,1.56255641347028
Costa Rica,CRI,Population growth (annual %),SP.POP.GROW,0.838278384859255
Costa Rica,CRI,"Life expectancy at birth, total (years)",SP.DYN.LE00.IN,80.296
Costa Rica,CRI,Net migration,SM.POP.NETM,1653
Cote d'Ivoire,CIV,"Fertility rate, total (births per woman)",SP.DYN.TFRT.IN,4.523
Cote d'Ivoire,CIV,GDP per capita growth (annual %),NY.GDP.PCAP.KD.ZG,3.96244737490909
Cote d'Ivoire,CIV,Population growth (annual %),SP.POP.GROW,2.61916841176218
Cote d'Ivoire,CIV,"Life expectancy at birth, total (years)",SP.DYN.LE00.IN,60.274
Cote d'Ivoire,CIV,Net migration,SM.POP.NETM,2043
Croatia,HRV,"Fertility rate, total (births per woman)",SP.DYN.TFRT.IN,1.47
Croatia,HRV,GDP per capita growth (annual %),NY.GDP.PCAP.KD.ZG,4.12860062660076
Croatia,HRV,Population growth (annual %),SP.POP.GROW,-0.992302961069294
Croatia,HRV,"Life expectancy at birth, total (years)",SP.DYN.LE00.IN,78.2243902439024
Croatia,HRV,Net migration,SM.POP.NETM,-13239
Cuba,CUB,"Fertility rate, total (births per woman)",SP.DYN.TFRT.IN,1.54
Cuba,CUB,GDP per capita growth (annual %),NY.GDP.PCAP.KD.ZG,0.0532186639248664
Cuba,CUB,Population growth (annual %),SP.POP.GROW,-0.216424863402489
Cuba,CUB,"Life expectancy at birth, total (years)",SP.DYN.LE00.IN,77.413
Cuba,CUB,Net migration,SM.POP.NETM,-23955
Curacao,CUW,"Fertility rate, total (births per woman)",SP.DYN.TFRT.IN,1.6
Curacao,CUW,GDP per capita growth (annual %),NY.GDP.PCAP.KD.ZG,-2.04109605237913
Curacao,CUW,Population growth (annual %),SP.POP.GROW,-1.19643951751799
Curacao,CUW,"Life expectancy at birth, total (years)",SP.DYN.LE00.IN,76.492
Curacao,CUW,Net migration,SM.POP.NETM,-9595
Cyprus,CYP,"Fertility rate, total (births per woman)",SP.DYN.TFRT.IN,1.33
Cyprus,CYP,GDP per capita growth (annual %),NY.GDP.PCAP.KD.ZG,4.44895560339916
Cyprus,CYP,Population growth (annual %),SP.POP.GROW,1.24612155650882
Cyprus,CYP,"Life expectancy at birth, total (years)",SP.DYN.LE00.IN,81.454
Cyprus,CYP,Net migration,SM.POP.NETM,9983
Czechia,CZE,"Fertility rate, total (births per woman)",SP.DYN.TFRT.IN,1.71
Czechia,CZE,GDP per capita growth (annual %),NY.GDP.PCAP.KD.ZG,3.15874802851988
Czechia,CZE,Population growth (annual %),SP.POP.GROW,0.393788864202175
Czechia,CZE,"Life expectancy at birth, total (years)",SP.DYN.LE00.IN,79.2292682926829
Czechia,CZE,Net migration,SM.POP.NETM,5553
Denmark,DNK,"Fertility rate, total (births per woman)",SP.DYN.TFRT.IN,1.7
Denmark,DNK,GDP per capita growth (annual %),NY.GDP.PCAP.KD.ZG,1.34779245340653
Denmark,DNK,Population growth (annual %),SP.POP.GROW,0.358130915892652
Denmark,DNK,"Life expectancy at birth, total (years)",SP.DYN.LE00.IN,81.4512195121951
Denmark,DNK,Net migration,SM.POP.NETM,9488
Djibouti,DJI,"Fertility rate, total (births per woman)",SP.DYN.TFRT.IN,2.798
Djibouti,DJI,GDP per capita growth (annual %),NY.GDP.PCAP.KD.ZG,3.91378440928256
Djibouti,DJI,Population growth (annual %),SP.POP.GROW,1.55766086478885
Djibouti,DJI,"Life expectancy at birth, total (years)",SP.DYN.LE00.IN,64.381
Djibouti,DJI,Net migration,SM.POP.NETM,1322
Dominica,DMA,"Fertility rate, total (births per woman)",SP.DYN.TFRT.IN,1.504
Dominica,DMA,GDP per capita growth (annual %),NY.GDP.PCAP.KD.ZG,4.3983147374291
Dominica,DMA,Population growth (annual %),SP.POP.GROW,-0.432182012456847
Dominica,DMA,"Life expectancy at birth, total (years)",SP.DYN.LE00.IN,71.305
Dominica,DMA,Net migration,SM.POP.NETM,-228
Dominican Republic,DOM,"Fertility rate, total (births per woman)",SP.DYN.TFRT.IN,2.366
Dominican Republic,DOM,GDP per capita growth (annual %),NY.GDP.PCAP.KD.ZG,3.81572682273033
Dominican Republic,DOM,Population growth (annual %),SP.POP.GROW,1.0333133463082
Dominican Republic,DOM,"Life expectancy at birth, total (years)",SP.DYN.LE00.IN,73.112
Dominican Republic,DOM,Net migration,SM.POP.NETM,-35797
Ecuador,ECU,"Fertility rate, total (births per woman)",SP.DYN.TFRT.IN,2.035
Ecuador,ECU,GDP per capita growth (annual %),NY.GDP.PCAP.KD.ZG,-1.51253154807527
Ecuador,ECU,Population growth (annual %),SP.POP.GROW,1.68935479627168
Ecuador,ECU,"Life expectancy at birth, total (years)",SP.DYN.LE00.IN,77.286
Ecuador,ECU,Net migration,SM.POP.NETM,54921
"Egypt, Arab Rep.",EGY,"Fertility rate, total (births per woman)",SP.DYN.TFRT.IN,2.87
"Egypt, Arab Rep.",EGY,GDP per capita growth (annual %),NY.GDP.PCAP.KD.ZG,3.71584088573542
"Egypt, Arab Rep.",EGY,Population growth (annual %),SP.POP.GROW,1.75497438173801
"Egypt, Arab Rep.",EGY,"Life expectancy at birth, total (years)",SP.DYN.LE00.IN,71.213
"Egypt, Arab Rep.",EGY,Net migration,SM.POP.NETM,7050
El Salvador,SLV,"Fertility rate, total (births per woman)",SP.DYN.TFRT.IN,1.838
El Salvador,SLV,GDP per capita growth (annual %),NY.GDP.PCAP.KD.ZG,2.39613321946494
El Salvador,SLV,Population growth (annual %),SP.POP.GROW,0.0403628806830014
El Salvador,SLV,"Life expectancy at birth, total (years)",SP.DYN.LE00.IN,71.725
El Salvador,SLV,Net migration,SM.POP.NETM,-55144
Equatorial Guinea,GNQ,"Fertility rate, total (births per woman)",SP.DYN.TFRT.IN,4.429
Equatorial Guinea,GNQ,GDP per capita growth (annual %),NY.GDP.PCAP.KD.ZG,-8.52391282041842
Equatorial Guinea,GNQ,Population growth (annual %),SP.POP.GROW,3.271454421427
Equatorial Guinea,GNQ,"Life expectancy at birth, total (years)",SP.DYN.LE00.IN,62.297
Equatorial Guinea,GNQ,Net migration,SM.POP.NETM,14695
Eritrea,ERI,"Fertility rate, total (births per woman)",SP.DYN.TFRT.IN,3.997
Eritrea,ERI,GDP per capita growth (annual %),NY.GDP.PCAP.KD.ZG,..
Eritrea,ERI,Population growth (annual %),SP.POP.GROW,1.47474580694345
Eritrea,ERI,"Life expectancy at birth, total (years)",SP.DYN.LE00.IN,67.306
Eritrea,ERI,Net migration,SM.POP.NETM,-29818
Estonia,EST,"Fertility rate, total (births per woman)",SP.DYN.TFRT.IN,1.66
Estonia,EST,GDP per capita growth (annual %),NY.GDP.PCAP.KD.ZG,3.3419636171697
Estonia,EST,Population growth (annual %),SP.POP.GROW,0.371554389037477
Estonia,EST,"Life expectancy at birth, total (years)",SP.DYN.LE00.IN,78.6463414634147
Estonia,EST,Net migration,SM.POP.NETM,5386
Eswatini,SWZ,"Fertility rate, total (births per woman)",SP.DYN.TFRT.IN,2.925
Eswatini,SWZ,GDP per capita growth (annual %),NY.GDP.PCAP.KD.ZG,5.09910496037746
Eswatini,SWZ,Population growth (annual %),SP.POP.GROW,0.931970814127083
Eswatini,SWZ,"Life expectancy at birth, total (years)",SP.DYN.LE00.IN,59.85
Eswatini,SWZ,Net migration,SM.POP.NETM,-8439
Ethiopia,ETH,"Fertility rate, total (births per woman)",SP.DYN.TFRT.IN,4.347
Ethiopia,ETH,GDP per capita growth (annual %),NY.GDP.PCAP.KD.ZG,5.48664148021712
Ethiopia,ETH,Population growth (annual %),SP.POP.GROW,2.69123978261516
Ethiopia,ETH,"Life expectancy at birth, total (years)",SP.DYN.LE00.IN,65.741
Ethiopia,ETH,Net migration,SM.POP.NETM,-10807
Faroe Islands,FRO,"Fertility rate, total (births per woman)",SP.DYN.TFRT.IN,2.4341
Faroe Islands,FRO,GDP per capita growth (annual %),NY.GDP.PCAP.KD.ZG,2.92985288714129
Faroe Islands,FRO,Population growth (annual %),SP.POP.GROW,1.55078067228514
Faroe Islands,FRO,"Life expectancy at birth, total (years)",SP.DYN.LE00.IN,82.4439024390244
Faroe Islands,FRO,Net migration,SM.POP.NETM,670
Fiji,FJI,"Fertility rate, total (births per woman)",SP.DYN.TFRT.IN,2.385
Fiji,FJI,GDP per capita growth (annual %),NY.GDP.PCAP.KD.ZG,-0.334080464484003
Fiji,FJI,Population growth (annual %),SP.POP.GROW,-0.24900685817593
Fiji,FJI,"Life expectancy at birth, total (years)",SP.DYN.LE00.IN,67.009
Fiji,FJI,Net migration,SM.POP.NETM,-11873
Finland,FIN,"Fertility rate, total (births per woman)",SP.DYN.TFRT.IN,1.35
Finland,FIN,GDP per capita growth (annual %),NY.GDP.PCAP.KD.ZG,1.23812097519217
Finland,FIN,Population growth (annual %),SP.POP.GROW,0.110191690491055
Finland,FIN,"Life expectancy at birth, total (years)",SP.DYN.LE00.IN,81.9829268292683
Finland,FIN,Net migration,SM.POP.NETM,15671
France,FRA,"Fertility rate, total (births per woman)",SP.DYN.TFRT.IN,1.86
France,FRA,GDP per capita growth (annual %),NY.GDP.PCAP.KD.ZG,1.68870844116209
France,FRA,Population growth (annual %),SP.POP.GROW,0.332559129027963
France,FRA,"Life expectancy at birth, total (years)",SP.DYN.LE00.IN,82.8268292682927
France,FRA,Net migration,SM.POP.NETM,71972
French Polynesia,PYF,"Fertility rate, total (births per woman)",SP.DYN.TFRT.IN,1.567
French Polynesia,PYF,GDP per capita growth (annual %),NY.GDP.PCAP.KD.ZG,2.98746345088283
French Polynesia,PYF,Population growth (annual %),SP.POP.GROW,-0.279503231980126
French Polynesia,PYF,"Life expectancy at birth, total (years)",SP.DYN.LE00.IN,83.195
French Polynesia,PYF,Net migration,SM.POP.NETM,-2816
Gabon,GAB,"Fertility rate, total (births per woman)",SP.DYN.TFRT.IN,3.884
Gabon,GAB,GDP per capita growth (annual %),NY.GDP.PCAP.KD.ZG,1.38257599119697
Gabon,GAB,Population growth (annual %),SP.POP.GROW,2.47279132038176
Gabon,GAB,"Life expectancy at birth, total (years)",SP.DYN.LE00.IN,67.337
Gabon,GAB,Net migration,SM.POP.NETM,2233
"Gambia, The",GMB,"Fertility rate, total (births per woman)",SP.DYN.TFRT.IN,4.33
"Gambia, The",GMB,GDP per capita growth (annual %),NY.GDP.PCAP.KD.ZG,3.74848295956672
"Gambia, The",GMB,Population growth (annual %),SP.POP.GROW,2.35622071960344
"Gambia, The",GMB,"Life expectancy at birth, total (years)",SP.DYN.LE00.IN,64.427
"Gambia, The",GMB,Net migration,SM.POP.NETM,-4186
Georgia,GEO,"Fertility rate, total (births per woman)",SP.DYN.TFRT.IN,2.021
Georgia,GEO,GDP per capita growth (annual %),NY.GDP.PCAP.KD.ZG,5.56167165873158
Georgia,GEO,Population growth (annual %),SP.POP.GROW,-0.171565740223868
Georgia,GEO,"Life expectancy at birth, total (years)",SP.DYN.LE00.IN,74.165
Georgia,GEO,Net migration,SM.POP.NETM,-5412
Germany,DEU,"Fertility rate, total (births per woman)",SP.DYN.TFRT.IN,1.54
Germany,DEU,GDP per capita growth (annual %),NY.GDP.PCAP.KD.ZG,0.76040219541116
Germany,DEU,Population growth (annual %),SP.POP.GROW,0.22551987421288
Germany,DEU,"Life expectancy at birth, total (years)",SP.DYN.LE00.IN,81.2926829268293
Germany,DEU,Net migration,SM.POP.NETM,319082
Ghana,GHA,"Fertility rate, total (births per woman)",SP.DYN.TFRT.IN,3.593
Ghana,GHA,GDP per capita growth (annual %),NY.GDP.PCAP.KD.ZG,4.39063133478864
Ghana,GHA,Population growth (annual %),SP.POP.GROW,2.00780519953703
Ghana,GHA,"Life expectancy at birth, total (years)",SP.DYN.LE00.IN,64.455
Ghana,GHA,Net migration,SM.POP.NETM,-21857
Gibraltar,GIB,"Fertility rate, total (births per woman)",SP.DYN.TFRT.IN,1.912
Gibraltar,GIB,GDP per capita growth (annual %),NY.GDP.PCAP.KD.ZG,..
Gibraltar,GIB,Population growth (annual %),SP.POP.GROW,1.81957598739227
Gibraltar,GIB,"Life expectancy at birth, total (years)",SP.DYN.LE00.IN,83.183
Gibraltar,GIB,Net migration,SM.POP.NETM,475
Greece,GRC,"Fertility rate, total (births per woman)",SP.DYN.TFRT.IN,1.34
Greece,GRC,GDP per capita growth (annual %),NY.GDP.PCAP.KD.ZG,2.38497557963629
Greece,GRC,Population growth (annual %),SP.POP.GROW,-0.105339392724138
Greece,GRC,"Life expectancy at birth, total (years)",SP.DYN.LE00.IN,81.6390243902439
Greece,GRC,Net migration,SM.POP.NETM,36762
Greenland,GRL,"Fertility rate, total (births per woman)",SP.DYN.TFRT.IN,2.08
Greenland,GRL,GDP per capita growth (annual %),NY.GDP.PCAP.KD.ZG,2.46273159433217
Greenland,GRL,Population growth (annual %),SP.POP.GROW,0.359917714454119
Greenland,GRL,"Life expectancy at birth, total (years)",SP.DYN.LE00.IN,71.9443902439024
Greenland,GRL,Net migration,SM.POP.NETM,-308
Grenada,GRD,"Fertility rate, total (births per woman)",SP.DYN.TFRT.IN,1.542
Grenada,GRD,GDP per capita growth (annual %),NY.GDP.PCAP.KD.ZG,0.424779227477273
Grenada,GRD,Population growth (annual %),SP.POP.GROW,0.250354079448358
Grenada,GRD,"Life expectancy at birth, total (years)",SP.DYN.LE00.IN,74.971
Grenada,GRD,Net migration,SM.POP.NETM,-181
Guam,GUM,"Fertility rate, total (births per woman)",SP.DYN.TFRT.IN,2.938
Guam,GUM,GDP per capita growth (annual %),NY.GDP.PCAP.KD.ZG,3.07547868580322
Guam,GUM,Population growth (annual %),SP.POP.GROW,-0.536848682318792
Guam,GUM,"Life expectancy at birth, total (years)",SP.DYN.LE00.IN,76.645
Guam,GUM,Net migration,SM.POP.NETM,-2967
Guatemala,GTM,"Fertility rate, total (births per woman)",SP.DYN.TFRT.IN,2.593
Guatemala,GTM,GDP per capita growth (annual %),NY.GDP.PCAP.KD.ZG,2.44813641532025
Guatemala,GTM,Population growth (annual %),SP.POP.GROW,1.52062955252943
Guatemala,GTM,"Life expectancy at birth, total (years)",SP.DYN.LE00.IN,71.639
Guatemala,GTM,Net migration,SM.POP.NETM,-57746
Guinea,GIN,"Fertility rate, total (births per woman)",SP.DYN.TFRT.IN,4.576
Guinea,GIN,GDP per capita growth (annual %),NY.GDP.PCAP.KD.ZG,2.9464024435663
Guinea,GIN,Population growth (annual %),SP.POP.GROW,2.56100451729991
Guinea,GIN,"Life expectancy at birth, total (years)",SP.DYN.LE00.IN,59.379
Guinea,GIN,Net migration,SM.POP.NETM,-3240
Guinea-Bissau,GNB,"Fertility rate, total (births per woman)",SP.DYN.TFRT.IN,4.153
Guinea-Bissau,GNB,GDP per capita growth (annual %),NY.GDP.PCAP.KD.ZG,3.12319463002974
Guinea-Bissau,GNB,Population growth (annual %),SP.POP.GROW,2.34095994762157
Guinea-Bissau,GNB,"Life expectancy at birth, total (years)",SP.DYN.LE00.IN,62.161
Guinea-Bissau,GNB,Net migration,SM.POP.NETM,-1395
Guyana,GUY,"Fertility rate, total (births per woman)",SP.DYN.TFRT.IN,2.521
Guyana,GUY,GDP per capita growth (annual %),NY.GDP.PCAP.KD.ZG,3.25156178245531
Guyana,GUY,Population growth (annual %),SP.POP.GROW,2.0146740033225
Guyana,GUY,"Life expectancy at birth, total (years)",SP.DYN.LE00.IN,69.067
Guyana,GUY,Net migration,SM.POP.NETM,-20603
Haiti,HTI,"Fertility rate, total (births per woman)",SP.DYN.TFRT.IN,2.862
Haiti,HTI,GDP per capita growth (annual %),NY.GDP.PCAP.KD.ZG,-2.98683711868885
Haiti,HTI,Population growth (annual %),SP.POP.GROW,1.29423660619831
Haiti,HTI,"Life expectancy at birth, total (years)",SP.DYN.LE00.IN,64.328
Haiti,HTI,Net migration,SM.POP.NETM,-34612
Honduras,HND,"Fertility rate, total (births per woman)",SP.DYN.TFRT.IN,2.611
Honduras,HND,GDP per capita growth (annual %),NY.GDP.PCAP.KD.ZG,0.71936151617345
Honduras,HND,Population growth (annual %),SP.POP.GROW,1.81063773761993
Honduras,HND,"Life expectancy at birth, total (years)",SP.DYN.LE00.IN,72.124
Honduras,HND,Net migration,SM.POP.NETM,-6546
"Hong Kong SAR, China",HKG,"Fertility rate, total (births per woman)",SP.DYN.TFRT.IN,1.064
"Hong Kong SAR, China",HKG,GDP per capita growth (annual %),NY.GDP.PCAP.KD.ZG,-2.39663450632773
"Hong Kong SAR, China",HKG,Population growth (annual %),SP.POP.GROW,0.739283471323064
"Hong Kong SAR, China",HKG,"Life expectancy at birth, total (years)",SP.DYN.LE00.IN,85.1558536585366
"Hong Kong SAR, China",HKG,Net migration,SM.POP.NETM,-7170
Hungary,HUN,"Fertility rate, total (births per woman)",SP.DYN.TFRT.IN,1.55
Hungary,HUN,GDP per capita growth (annual %),NY.GDP.PCAP.KD.ZG,5.2087641343076
Hungary,HUN,Population growth (annual %),SP.POP.GROW,-0.125143121699401
Hungary,HUN,"Life expectancy at birth, total (years)",SP.DYN.LE00.IN,76.3195121951219
Hungary,HUN,Net migration,SM.POP.NETM,34339
Iceland,ISL,"Fertility rate, total (births per woman)",SP.DYN.TFRT.IN,1.74
Iceland,ISL,GDP per capita growth (annual %),NY.GDP.PCAP.KD.ZG,-0.354233389637315
Iceland,ISL,Population growth (annual %),SP.POP.GROW,2.19893225826166
Iceland,ISL,"Life expectancy at birth, total (years)",SP.DYN.LE00.IN,83.1634146341463
Iceland,ISL,Net migration,SM.POP.NETM,5030
India,IND,"Fertility rate, total (births per woman)",SP.DYN.TFRT.IN,2.12
India,IND,GDP per capita growth (annual %),NY.GDP.PCAP.KD.ZG,2.79675759965889
India,IND,Population growth (annual %),SP.POP.GROW,1.04001395098104
India,IND,"Life expectancy at birth, total (years)",SP.DYN.LE00.IN,70.746
India,IND,Net migration,SM.POP.NETM,-978969
Indonesia,IDN,"Fertility rate, total (births per woman)",SP.DYN.TFRT.IN,2.205
Indonesia,IDN,GDP per capita growth (annual %),NY.GDP.PCAP.KD.ZG,4.0413041818536
Indonesia,IDN,Population growth (annual %),SP.POP.GROW,0.935604959235128
Indonesia,IDN,"Life expectancy at birth, total (years)",SP.DYN.LE00.IN,70.349
Indonesia,IDN,Net migration,SM.POP.NETM,-30421
"Iran, Islamic Rep.",IRN,"Fertility rate, total (births per woman)",SP.DYN.TFRT.IN,1.766
"Iran, Islamic Rep.",IRN,GDP per capita growth (annual %),NY.GDP.PCAP.KD.ZG,-4.11017939543771
"Iran, Islamic Rep.",IRN,Population growth (annual %),SP.POP.GROW,1.07831720901251
"Iran, Islamic Rep.",IRN,"Life expectancy at birth, total (years)",SP.DYN.LE00.IN,76.855
"Iran, Islamic Rep.",IRN,Net migration,SM.POP.NETM,-32794
Iraq,IRQ,"Fertility rate, total (births per woman)",SP.DYN.TFRT.IN,3.48
Iraq,IRQ,GDP per capita growth (annual %),NY.GDP.PCAP.KD.ZG,3.14043943264693
Iraq,IRQ,Population growth (annual %),SP.POP.GROW,2.27501115691232
Iraq,IRQ,"Life expectancy at birth, total (years)",SP.DYN.LE00.IN,71.245
Iraq,IRQ,Net migration,SM.POP.NETM,-43919
Ireland,IRL,"Fertility rate, total (births per woman)",SP.DYN.TFRT.IN,1.71
Ireland,IRL,GDP per capita growth (annual %),NY.GDP.PCAP.KD.ZG,3.38500422872676
Ireland,IRL,Population growth (annual %),SP.POP.GROW,1.58865409604595
Ireland,IRL,"Life expectancy at birth, total (years)",SP.DYN.LE00.IN,82.7024390243903
Ireland,IRL,Net migration,SM.POP.NETM,29663
Isle of Man,IMN,"Fertility rate, total (births per woman)",SP.DYN.TFRT.IN,1.606
Isle of Man,IMN,GDP per capita growth (annual %),NY.GDP.PCAP.KD.ZG,0.0733713448695283
Isle of Man,IMN,Population growth (annual %),SP.POP.GROW,0.181209143421298
Isle of Man,IMN,"Life expectancy at birth, total (years)",SP.DYN.LE00.IN,80.74
Isle of Man,IMN,Net migration,SM.POP.NETM,237
Israel,ISR,"Fertility rate, total (births per woman)",SP.DYN.TFRT.IN,3.01
Israel,ISR,GDP per capita growth (annual %),NY.GDP.PCAP.KD.ZG,1.74945844686911
Israel,ISR,Population growth (annual %),SP.POP.GROW,1.90898263957994
Israel,ISR,"Life expectancy at birth, total (years)",SP.DYN.LE00.IN,82.8048780487805
Israel,ISR,Net migration,SM.POP.NETM,16134
Italy,ITA,"Fertility rate, total (births per woman)",SP.DYN.TFRT.IN,1.27
Italy,ITA,GDP per capita growth (annual %),NY.GDP.PCAP.KD.ZG,1.13464411867925
Italy,ITA,Population growth (annual %),SP.POP.GROW,-0.700011055973408
Italy,ITA,"Life expectancy at birth, total (years)",SP.DYN.LE00.IN,83.4975609756098
Italy,ITA,Net migration,SM.POP.NETM,46634
Jamaica,JAM,"Fertility rate, total (births per woman)",SP.DYN.TFRT.IN,1.39
Jamaica,JAM,GDP per capita growth (annual %),NY.GDP.PCAP.KD.ZG,0.77886572563142
Jamaica,JAM,Population growth (annual %),SP.POP.GROW,0.112486030848061
Jamaica,JAM,"Life expectancy at birth, total (years)",SP.DYN.LE00.IN,71.532
Jamaica,JAM,Net migration,SM.POP.NETM,-10335
Japan,JPN,"Fertility rate, total (births per woman)",SP.DYN.TFRT.IN,1.36
Japan,JPN,GDP per capita growth (annual %),NY.GDP.PCAP.KD.ZG,-0.262170828573062
Japan,JPN,Population growth (annual %),SP.POP.GROW,-0.140464977878172
Japan,JPN,"Life expectancy at birth, total (years)",SP.DYN.LE00.IN,84.3563414634146
Japan,JPN,Net migration,SM.POP.NETM,318190
Jordan,JOR,"Fertility rate, total (births per woman)",SP.DYN.TFRT.IN,2.855
Jordan,JOR,GDP per capita growth (annual %),NY.GDP.PCAP.KD.ZG,-0.247049289948436
Jordan,JOR,Population growth (annual %),SP.POP.GROW,1.98343822476301
Jordan,JOR,"Life expectancy at birth, total (years)",SP.DYN.LE00.IN,76.865
Jordan,JOR,Net migration,SM.POP.NETM,-23156
Kazakhstan,KAZ,"Fertility rate, total (births per woman)",SP.DYN.TFRT.IN,2.89
Kazakhstan,KAZ,GDP per capita growth (annual %),NY.GDP.PCAP.KD.ZG,2.99405538115775
Kazakhstan,KAZ,Population growth (annual %),SP.POP.GROW,1.45157995956237
Kazakhstan,KAZ,"Life expectancy at birth, total (years)",SP.DYN.LE00.IN,73.658
Kazakhstan,KAZ,Net migration,SM.POP.NETM,2594
Kenya,KEN,"Fertility rate, total (births per woman)",SP.DYN.TFRT.IN,3.433
Kenya,KEN,GDP per capita growth (annual %),NY.GDP.PCAP.KD.ZG,3.07004769448449
Kenya,KEN,Population growth (annual %),SP.POP.GROW,1.96381549826771
Kenya,KEN,"Life expectancy at birth, total (years)",SP.DYN.LE00.IN,62.939
Kenya,KEN,Net migration,SM.POP.NETM,-61949
Kiribati,KIR,"Fertility rate, total (births per woman)",SP.DYN.TFRT.IN,3.29
Kiribati,KIR,GDP per capita growth (annual %),NY.GDP.PCAP.KD.ZG,1.73350185226475
Kiribati,KIR,Population growth (annual %),SP.POP.GROW,1.4934933399344
Kiribati,KIR,"Life expectancy at birth, total (years)",SP.DYN.LE00.IN,65.866
Kiribati,KIR,Net migration,SM.POP.NETM,-705
"Korea, Dem. People's Rep.",PRK,"Fertility rate, total (births per woman)",SP.DYN.TFRT.IN,1.825
"Korea, Dem. People's Rep.",PRK,GDP per capita growth (annual %),NY.GDP.PCAP.KD.ZG,..
"Korea, Dem. People's Rep.",PRK,Population growth (annual %),SP.POP.GROW,0.409804313568107
"Korea, Dem. People's Rep.",PRK,"Life expectancy at birth, total (years)",SP.DYN.LE00.IN,72.928
"Korea, Dem. People's Rep.",PRK,Net migration,SM.POP.NETM,-3142
"Korea, Rep.",KOR,"Fertility rate, total (births per woman)",SP.DYN.TFRT.IN,0.918
"Korea, Rep.",KOR,GDP per capita growth (annual %),NY.GDP.PCAP.KD.ZG,1.8889146004307
"Korea, Rep.",KOR,Population growth (annual %),SP.POP.GROW,0.347874968577526
"Korea, Rep.",KOR,"Life expectancy at birth, total (years)",SP.DYN.LE00.IN,83.2268292682927
"Korea, Rep.",KOR,Net migration,SM.POP.NETM,128622
Kosovo,XKX,"Fertility rate, total (births per woman)",SP.DYN.TFRT.IN,1.575
Kosovo,XKX,GDP per capita growth (annual %),NY.GDP.PCAP.KD.ZG,5.23669676312298
Kosovo,XKX,Population growth (annual %),SP.POP.GROW,-0.457058941890623
Kosovo,XKX,"Life expectancy at birth, total (years)",SP.DYN.LE00.IN,77.249
Kosovo,XKX,Net migration,SM.POP.NETM,-28829
Kuwait,KWT,"Fertility rate, total (births per woman)",SP.DYN.TFRT.IN,2.082
Kuwait,KWT,GDP per capita growth (annual %),NY.GDP.PCAP.KD.ZG,-0.471027646764739
Kuwait,KWT,Population growth (annual %),SP.POP.GROW,2.71071332448015
Kuwait,KWT,"Life expectancy at birth, total (years)",SP.DYN.LE00.IN,81.969756097561
Kuwait,KWT,Net migration,SM.POP.NETM,181
Kyrgyz Republic,KGZ,"Fertility rate, total (births per woman)",SP.DYN.TFRT.IN,3.3
Kyrgyz Republic,KGZ,GDP per capita growth (annual %),NY.GDP.PCAP.KD.ZG,2.28120088774463
Kyrgyz Republic,KGZ,Population growth (annual %),SP.POP.GROW,2.24236415055009
Kyrgyz Republic,KGZ,"Life expectancy at birth, total (years)",SP.DYN.LE00.IN,71.6
Kyrgyz Republic,KGZ,Net migration,SM.POP.NETM,47303
Lao PDR,LAO,"Fertility rate, total (births per woman)",SP.DYN.TFRT.IN,2.589
Lao PDR,LAO,GDP per capita growth (annual %),NY.GDP.PCAP.KD.ZG,3.86091278109465
Lao PDR,LAO,Population growth (annual %),SP.POP.GROW,1.52576304616693
Lao PDR,LAO,"Life expectancy at birth, total (years)",SP.DYN.LE00.IN,67.911
Lao PDR,LAO,Net migration,SM.POP.NETM,-10305
Latvia,LVA,"Fertility rate, total (births per woman)",SP.DYN.TFRT.IN,1.61
Latvia,LVA,GDP per capita growth (annual %),NY.GDP.PCAP.KD.ZG,1.37774612596324
Latvia,LVA,Population growth (annual %),SP.POP.GROW,-0.695239140136066
Latvia,LVA,"Life expectancy at birth, total (years)",SP.DYN.LE00.IN,75.3878048780488
Latvia,LVA,Net migration,SM.POP.NETM,-3416
Lebanon,LBN,"Fertility rate, total (births per woman)",SP.DYN.TFRT.IN,2.327
Lebanon,LBN,GDP per capita growth (annual %),NY.GDP.PCAP.KD.ZG,-3.87037166908469
Lebanon,LBN,Population growth (annual %),SP.POP.GROW,-3.21837128976045
Lebanon,LBN,"Life expectancy at birth, total (years)",SP.DYN.LE00.IN,78.208
Lebanon,LBN,Net migration,SM.POP.NETM,-266992
Lesotho,LSO,"Fertility rate, total (births per woman)",SP.DYN.TFRT.IN,2.924
Lesotho,LSO,GDP per capita growth (annual %),NY.GDP.PCAP.KD.ZG,-2.56925986092637
Lesotho,LSO,Population growth (annual %),SP.POP.GROW,1.17469837087993
Lesotho,LSO,"Life expectancy at birth, total (years)",SP.DYN.LE00.IN,55.249
Lesotho,LSO,Net migration,SM.POP.NETM,-6896
Liberia,LBR,"Fertility rate, total (births per woman)",SP.DYN.TFRT.IN,4.257
Liberia,LBR,GDP per capita growth (annual %),NY.GDP.PCAP.KD.ZG,-4.38160849244818
Liberia,LBR,Population growth (annual %),SP.POP.GROW,1.98225492944197
Liberia,LBR,"Life expectancy at birth, total (years)",SP.DYN.LE00.IN,61.232
Liberia,LBR,Net migration,SM.POP.NETM,-19678
Libya,LBY,"Fertility rate, total (births per woman)",SP.DYN.TFRT.IN,2.539
Libya,LBY,GDP per capita growth (annual %),NY.GDP.PCAP.KD.ZG,-12.4989174222368
Libya,LBY,Population growth (annual %),SP.POP.GROW,1.47795950725002
Libya,LBY,"Life expectancy at birth, total (years)",SP.DYN.LE00.IN,72.941
Libya,LBY,Net migration,SM.POP.NETM,-1352
Liechtenstein,LIE,"Fertility rate, total (births per woman)",SP.DYN.TFRT.IN,1.48
Liechtenstein,LIE,GDP per capita growth (annual %),NY.GDP.PCAP.KD.ZG,..
Liechtenstein,LIE,Population growth (annual %),SP.POP.GROW,0.825428790511035
Liechtenstein,LIE,"Life expectancy at birth, total (years)",SP.DYN.LE00.IN,84.1609756097561
Liechtenstein,LIE,Net migration,SM.POP.NETM,271
Lithuania,LTU,"Fertility rate, total (births per woman)",SP.DYN.TFRT.IN,1.43
Lithuania,LTU,GDP per capita growth (annual %),NY.GDP.PCAP.KD.ZG,4.97938353929399
Lithuania,LTU,Population growth (annual %),SP.POP.GROW,-0.288120400605037
Lithuania,LTU,"Life expectancy at birth, total (years)",SP.DYN.LE00.IN,76.2829268292683
Lithuania,LTU,Net migration,SM.POP.NETM,10665
Luxembourg,LUX,"Fertility rate, total (births per woman)",SP.DYN.TFRT.IN,1.34
Luxembourg,LUX,GDP per capita growth (annual %),NY.GDP.PCAP.KD.ZG,0.752174049392224
Luxembourg,LUX,Population growth (annual %),SP.POP.GROW,1.9628449198635
Luxembourg,LUX,"Life expectancy at birth, total (years)",SP.DYN.LE00.IN,82.6390243902439
Luxembourg,LUX,Net migration,SM.POP.NETM,10503
"Macao SAR, China",MAC,"Fertility rate, total (births per woman)",SP.DYN.TFRT.IN,0.899
"Macao SAR, China",MAC,GDP per capita growth (annual %),NY.GDP.PCAP.KD.ZG,-4.46284857500113
"Macao SAR, China",MAC,Population growth (annual %),SP.POP.GROW,1.96865626033754
"Macao SAR, China",MAC,"Life expectancy at birth, total (years)",SP.DYN.LE00.IN,83.9292682926829
"Macao SAR, China",MAC,Net migration,SM.POP.NETM,8967
Madagascar,MDG,"Fertility rate, total (births per woman)",SP.DYN.TFRT.IN,4.221
Madagascar,MDG,GDP per capita growth (annual %),NY.GDP.PCAP.KD.ZG,1.73013722889858
Madagascar,MDG,Population growth (annual %),SP.POP.GROW,2.60136633480103
Madagascar,MDG,"Life expectancy at birth, total (years)",SP.DYN.LE00.IN,63.504
Madagascar,MDG,Net migration,SM.POP.NETM,-2976
Malawi,MWI,"Fertility rate, total (births per woman)",SP.DYN.TFRT.IN,3.952
Malawi,MWI,GDP per capita growth (annual %),NY.GDP.PCAP.KD.ZG,2.9515101541935
Malawi,MWI,Population growth (annual %),SP.POP.GROW,2.65059567621331
Malawi,MWI,"Life expectancy at birth, total (years)",SP.DYN.LE00.IN,64.995
Malawi,MWI,Net migration,SM.POP.NETM,-1837
Malaysia,MYS,"Fertility rate, total (births per woman)",SP.DYN.TFRT.IN,1.777
Malaysia,MYS,GDP per capita growth (annual %),NY.GDP.PCAP.KD.ZG,2.75950122381441
Malaysia,MYS,Population growth (annual %),SP.POP.GROW,1.59646653343981
Malaysia,MYS,"Life expectancy at birth, total (years)",SP.DYN.LE00.IN,75.9
Malaysia,MYS,Net migration,SM.POP.NETM,203284
Maldives,MDV,"Fertility rate, total (births per woman)",SP.DYN.TFRT.IN,1.64
Maldives,MDV,GDP per capita growth (annual %),NY.GDP.PCAP.KD.ZG,3.71535266829268
Maldives,MDV,Population growth (annual %),SP.POP.GROW,3.04593554452725
Maldives,MDV,"Life expectancy at birth, total (years)",SP.DYN.LE00.IN,79.707
Maldives,MDV,Net migration,SM.POP.NETM,9648
Mali,MLI,"Fertility rate, total (births per woman)",SP.DYN.TFRT.IN,5.892
Mali,MLI,GDP per capita growth (annual %),NY.GDP.PCAP.KD.ZG,1.8782927302578
Mali,MLI,Population growth (annual %),SP.POP.GROW,3.01814494306617
Mali,MLI,"Life expectancy at birth, total (years)",SP.DYN.LE00.IN,59.217
Mali,MLI,Net migration,SM.POP.NETM,-44373
Malta,MLT,"Fertility rate, total (births per woman)",SP.DYN.TFRT.IN,1.14
Malta,MLT,GDP per capita growth (annual %),NY.GDP.PCAP.KD.ZG,-0.0482197262689539
Malta,MLT,Population growth (annual %),SP.POP.GROW,4.05171762437788
Malta,MLT,"Life expectancy at birth, total (years)",SP.DYN.LE00.IN,82.6585365853659
Malta,MLT,Net migration,SM.POP.NETM,20302
Marshall Islands,MHL,"Fertility rate, total (births per woman)",SP.DYN.TFRT.IN,3.012
Marshall Islands,MHL,GDP per capita growth (annual %),NY.GDP.PCAP.KD.ZG,13.6597363046024
Marshall Islands,MHL,Population growth (annual %),SP.POP.GROW,-2.86271396531764
Marshall Islands,MHL,"Life expectancy at birth, total (years)",SP.DYN.LE00.IN,66.047
Marshall Islands,MHL,Net migration,SM.POP.NETM,-2030
Mauritania,MRT,"Fertility rate, total (births per woman)",SP.DYN.TFRT.IN,4.984
Mauritania,MRT,GDP per capita growth (annual %),NY.GDP.PCAP.KD.ZG,0.139308524548838
Mauritania,MRT,Population growth (annual %),SP.POP.GROW,2.95347297852629
Mauritania,MRT,"Life expectancy at birth, total (years)",SP.DYN.LE00.IN,67.64
Mauritania,MRT,Net migration,SM.POP.NETM,-3019
Mauritius,MUS,"Fertility rate, total (births per woman)",SP.DYN.TFRT.IN,1.4
Mauritius,MUS,GDP per capita growth (annual %),NY.GDP.PCAP.KD.ZG,2.85812532389771
Mauritius,MUS,Population growth (annual %),SP.POP.GROW,0.0322330642925213
Mauritius,MUS,"Life expectancy at birth, total (years)",SP.DYN.LE00.IN,74.2358536585366
Mauritius,MUS,Net migration,SM.POP.NETM,-5202
Mexico,MEX,"Fertility rate, total (births per woman)",SP.DYN.TFRT.IN,2.02
Mexico,MEX,GDP per capita growth (annual %),NY.GDP.PCAP.KD.ZG,-1.33462176886584
Mexico,MEX,Population growth (annual %),SP.POP.GROW,0.950144329831411
Mexico,MEX,"Life expectancy at birth, total (years)",SP.DYN.LE00.IN,74.53
Mexico,MEX,Net migration,SM.POP.NETM,-169628
"Micronesia, Fed. Sts.",FSM,"Fertility rate, total (births per woman)",SP.DYN.TFRT.IN,2.883
"Micronesia, Fed. Sts.",FSM,GDP per capita growth (annual %),NY.GDP.PCAP.KD.ZG,3.72960377273995
"Micronesia, Fed. Sts.",FSM,Population growth (annual %),SP.POP.GROW,0.338797095962346
"Micronesia, Fed. Sts.",FSM,"Life expectancy at birth, total (years)",SP.DYN.LE00.IN,66.196
"Micronesia, Fed. Sts.",FSM,Net migration,SM.POP.NETM,-1360
Moldova,MDA,"Fertility rate, total (births per woman)",SP.DYN.TFRT.IN,1.78
Moldova,MDA,GDP per capita growth (annual %),NY.GDP.PCAP.KD.ZG,5.22280984962049
Moldova,MDA,Population growth (annual %),SP.POP.GROW,-1.60031653578231
Moldova,MDA,"Life expectancy at birth, total (years)",SP.DYN.LE00.IN,70.181
Moldova,MDA,Net migration,SM.POP.NETM,-41233
Monaco,MCO,"Fertility rate, total (births per woman)",SP.DYN.TFRT.IN,2.403
Monaco,MCO,GDP per capita growth (annual %),NY.GDP.PCAP.KD.ZG,7.24738037567747
Monaco,MCO,Population growth (annual %),SP.POP.GROW,-0.118012680389237
Monaco,MCO,"Life expectancy at birth, total (years)",SP.DYN.LE00.IN,86.151
Monaco,MCO,Net migration,SM.POP.NETM,-198
Mongolia,MNG,"Fertility rate, total (births per woman)",SP.DYN.TFRT.IN,3
Mongolia,MNG,GDP per capita growth (annual %),NY.GDP.PCAP.KD.ZG,3.67988421239794
Mongolia,MNG,Population growth (annual %),SP.POP.GROW,1.8371507310985
Mongolia,MNG,"Life expectancy at birth, total (years)",SP.DYN.LE00.IN,71.0531707317073
Mongolia,MNG,Net migration,SM.POP.NETM,8660
Montenegro,MNE,"Fertility rate, total (births per woman)",SP.DYN.TFRT.IN,1.8
Montenegro,MNE,GDP per capita growth (annual %),NY.GDP.PCAP.KD.ZG,4.01064396132608
Montenegro,MNE,Population growth (annual %),SP.POP.GROW,0.0502716675485305
Montenegro,MNE,"Life expectancy at birth, total (years)",SP.DYN.LE00.IN,76.6829268292683
Montenegro,MNE,Net migration,SM.POP.NETM,-4083
Morocco,MAR,"Fertility rate, total (births per woman)",SP.DYN.TFRT.IN,2.342
Morocco,MAR,GDP per capita growth (annual %),NY.GDP.PCAP.KD.ZG,1.81642055572905
Morocco,MAR,Population growth (annual %),SP.POP.GROW,1.03022315933698
Morocco,MAR,"Life expectancy at birth, total (years)",SP.DYN.LE00.IN,74.245
Morocco,MAR,Net migration,SM.POP.NETM,-91217
Mozambique,MOZ,"Fertility rate, total (births per woman)",SP.DYN.TFRT.IN,5.016
Mozambique,MOZ,GDP per capita growth (annual %),NY.GDP.PCAP.KD.ZG,-0.646283515954551
Mozambique,MOZ,Population growth (annual %),SP.POP.GROW,2.9397415898529
Mozambique,MOZ,"Life expectancy at birth, total (years)",SP.DYN.LE00.IN,61.306
Mozambique,MOZ,Net migration,SM.POP.NETM,-49080
Myanmar,MMR,"Fertility rate, total (births per woman)",SP.DYN.TFRT.IN,2.206
Myanmar,MMR,GDP per capita growth (annual %),NY.GDP.PCAP.KD.ZG,5.83309474734135
Myanmar,MMR,Population growth (annual %),SP.POP.GROW,0.702425162747352
Myanmar,MMR,"Life expectancy at birth, total (years)",SP.DYN.LE00.IN,66.457
Myanmar,MMR,Net migration,SM.POP.NETM,-100783
Namibia,NAM,"Fertility rate, total (births per woman)",SP.DYN.TFRT.IN,3.404
Namibia,NAM,GDP per capita growth (annual %),NY.GDP.PCAP.KD.ZG,-3.57649160039189
Namibia,NAM,Population growth (annual %),SP.POP.GROW,2.79932223646079
Namibia,NAM,"Life expectancy at birth, total (years)",SP.DYN.LE00.IN,63.546
Namibia,NAM,Net migration,SM.POP.NETM,19676
Nauru,NRU,"Fertility rate, total (births per woman)",SP.DYN.TFRT.IN,3.531
Nauru,NRU,GDP per capita growth (annual %),NY.GDP.PCAP.KD.ZG,7.45682884832944
Nauru,NRU,Population growth (annual %),SP.POP.GROW,0.953874731639391
Nauru,NRU,"Life expectancy at birth, total (years)",SP.DYN.LE00.IN,61.393
Nauru,NRU,Net migration,SM.POP.NETM,-171
Nepal,NPL,"Fertility rate, total (births per woman)",SP.DYN.TFRT.IN,2.08
Nepal,NPL,GDP per capita growth (annual %),NY.GDP.PCAP.KD.ZG,5.40192160337149
Nepal,NPL,Population growth (annual %),SP.POP.GROW,1.18377302604311
Nepal,NPL,"Life expectancy at birth, total (years)",SP.DYN.LE00.IN,69.299
Nepal,NPL,Net migration,SM.POP.NETM,182203
Netherlands,NLD,"Fertility rate, total (births per woman)",SP.DYN.TFRT.IN,1.57
Netherlands,NLD,GDP per capita growth (annual %),NY.GDP.PCAP.KD.ZG,1.63214291771632
Netherlands,NLD,Population growth (annual %),SP.POP.GROW,0.65507157480522
Netherlands,NLD,"Life expectancy at birth, total (years)",SP.DYN.LE00.IN,82.1121951219512
Netherlands,NLD,Net migration,SM.POP.NETM,109003
New Caledonia,NCL,"Fertility rate, total (births per woman)",SP.DYN.TFRT.IN,2.05
New Caledonia,NCL,GDP per capita growth (annual %),NY.GDP.PCAP.KD.ZG,-1.42259825448929
New Caledonia,NCL,Population growth (annual %),SP.POP.GROW,0.0229217470195887
New Caledonia,NCL,"Life expectancy at birth, total (years)",SP.DYN.LE00.IN,77.262
New Caledonia,NCL,Net migration,SM.POP.NETM,-2335
New Zealand,NZL,"Fertility rate, total (births per woman)",SP.DYN.TFRT.IN,1.72
New Zealand,NZL,GDP per capita growth (annual %),NY.GDP.PCAP.KD.ZG,0.702321766663232
New Zealand,NZL,Population growth (annual %),SP.POP.GROW,1.59115889619722
New Zealand,NZL,"Life expectancy at birth, total (years)",SP.DYN.LE00.IN,82.0560975609756
New Zealand,NZL,Net migration,SM.POP.NETM,69770
Nicaragua,NIC,"Fertility rate, total (births per woman)",SP.DYN.TFRT.IN,2.321
Nicaragua,NIC,GDP per capita growth (annual %),NY.GDP.PCAP.KD.ZG,-4.14856907147293
Nicaragua,NIC,Population growth (annual %),SP.POP.GROW,1.29742127419157
Nicaragua,NIC,"Life expectancy at birth, total (years)",SP.DYN.LE00.IN,73.764
Nicaragua,NIC,Net migration,SM.POP.NETM,-19730
Niger,NER,"Fertility rate, total (births per woman)",SP.DYN.TFRT.IN,6.537
Niger,NER,GDP per capita growth (annual %),NY.GDP.PCAP.KD.ZG,2.43270218960372
Niger,NER,Population growth (annual %),SP.POP.GROW,3.36654855482346
Niger,NER,"Life expectancy at birth, total (years)",SP.DYN.LE00.IN,60.031
Niger,NER,Net migration,SM.POP.NETM,-15778
Nigeria,NGA,"Fertility rate, total (births per woman)",SP.DYN.TFRT.IN,4.861
Nigeria,NGA,GDP per capita growth (annual %),NY.GDP.PCAP.KD.ZG,-0.0100047593981571
Nigeria,NGA,Population growth (annual %),SP.POP.GROW,2.1944019229433
Nigeria,NGA,"Life expectancy at birth, total (years)",SP.DYN.LE00.IN,53.009
Nigeria,NGA,Net migration,SM.POP.NETM,-99722
North Macedonia,MKD,"Fertility rate, total (births per woman)",SP.DYN.TFRT.IN,1.34
North Macedonia,MKD,GDP per capita growth (annual %),NY.GDP.PCAP.KD.ZG,4.61869501137757
North Macedonia,MKD,Population growth (annual %),SP.POP.GROW,-0.679308688552216
North Macedonia,MKD,"Life expectancy at birth, total (years)",SP.DYN.LE00.IN,76.6024390243903
North Macedonia,MKD,Net migration,SM.POP.NETM,-24204
Northern Mariana Islands,MNP,"Fertility rate, total (births per woman)",SP.DYN.TFRT.IN,2.559
Northern Mariana Islands,MNP,GDP per capita growth (annual %),NY.GDP.PCAP.KD.ZG,-9.70326849241671
Northern Mariana Islands,MNP,Population growth (annual %),SP.POP.GROW,-1.95055872430955
Northern Mariana Islands,MNP,"Life expectancy at birth, total (years)",SP.DYN.LE00.IN,77.844
Northern Mariana Islands,MNP,Net migration,SM.POP.NETM,-1551
Norway,NOR,"Fertility rate, total (births per woman)",SP.DYN.TFRT.IN,1.53
Norway,NOR,GDP per capita growth (annual %),NY.GDP.PCAP.KD.ZG,0.44339856309783
Norway,NOR,Population growth (annual %),SP.POP.GROW,0.675061373245644
Norway,NOR,"Life expectancy at birth, total (years)",SP.DYN.LE00.IN,82.9585365853659
Norway,NOR,Net migration,SM.POP.NETM,25707
Oman,OMN,"Fertility rate, total (births per woman)",SP.DYN.TFRT.IN,2.696
Oman,OMN,GDP per capita growth (annual %),NY.GDP.PCAP.KD.ZG,-0.985733221362153
Oman,OMN,Population growth (annual %),SP.POP.GROW,-0.144431732263903
Oman,OMN,"Life expectancy at birth, total (years)",SP.DYN.LE00.IN,79.946
Oman,OMN,Net migration,SM.POP.NETM,-117480
Pakistan,PAK,"Fertility rate, total (births per woman)",SP.DYN.TFRT.IN,3.81
Pakistan,PAK,GDP per capita growth (annual %),NY.GDP.PCAP.KD.ZG,0.778096107046181
Pakistan,PAK,Population growth (annual %),SP.POP.GROW,1.69187124669657
Pakistan,PAK,"Life expectancy at birth, total (years)",SP.DYN.LE00.IN,66.729
Pakistan,PAK,Net migration,SM.POP.NETM,-1177220
Palau,PLW,"Fertility rate, total (births per woman)",SP.DYN.TFRT.IN,1.984
Palau,PLW,GDP per capita growth (annual %),NY.GDP.PCAP.KD.ZG,0.290092619003033
Palau,PLW,Population growth (annual %),SP.POP.GROW,-0.0898573575007226
Palau,PLW,"Life expectancy at birth, total (years)",SP.DYN.LE00.IN,68.982
Palau,PLW,Net migration,SM.POP.NETM,-46
Panama,PAN,"Fertility rate, total (births per woman)",SP.DYN.TFRT.IN,2.288
Panama,PAN,GDP per capita growth (annual %),NY.GDP.PCAP.KD.ZG,1.47570135325034
Panama,PAN,Population growth (annual %),SP.POP.GROW,1.59097727067192
Panama,PAN,"Life expectancy at birth, total (years)",SP.DYN.LE00.IN,78.514
Panama,PAN,Net migration,SM.POP.NETM,10623
Papua New Guinea,PNG,"Fertility rate, total (births per woman)",SP.DYN.TFRT.IN,3.322
Papua New Guinea,PNG,GDP per capita growth (annual %),NY.GDP.PCAP.KD.ZG,2.14824964998061
Papua New Guinea,PNG,Population growth (annual %),SP.POP.GROW,2.25754045467385
Papua New Guinea,PNG,"Life expectancy at birth, total (years)",SP.DYN.LE00.IN,65.331
Papua New Guinea,PNG,Net migration,SM.POP.NETM,22978
Paraguay,PRY,"Fertility rate, total (births per woman)",SP.DYN.TFRT.IN,2.525
Paraguay,PRY,GDP per capita growth (annual %),NY.GDP.PCAP.KD.ZG,-1.74219112718859
Paraguay,PRY,Population growth (annual %),SP.POP.GROW,1.35488116957369
Paraguay,PRY,"Life expectancy at birth, total (years)",SP.DYN.LE00.IN,73.668
Paraguay,PRY,Net migration,SM.POP.NETM,-16263
Peru,PER,"Fertility rate, total (births per woman)",SP.DYN.TFRT.IN,2.086
Peru,PER,GDP per capita growth (annual %),NY.GDP.PCAP.KD.ZG,0.502286291227506
Peru,PER,Population growth (annual %),SP.POP.GROW,1.71486934751345
Peru,PER,"Life expectancy at birth, total (years)",SP.DYN.LE00.IN,76.275
Peru,PER,Net migration,SM.POP.NETM,74270
Philippines,PHL,"Fertility rate, total (births per woman)",SP.DYN.TFRT.IN,2.215
Philippines,PHL,GDP per capita growth (annual %),NY.GDP.PCAP.KD.ZG,4.83577546655691
Philippines,PHL,Population growth (annual %),SP.POP.GROW,1.21615534645287
Philippines,PHL,"Life expectancy at birth, total (years)",SP.DYN.LE00.IN,69.68
Philippines,PHL,Net migration,SM.POP.NETM,-6208
Poland,POL,"Fertility rate, total (births per woman)",SP.DYN.TFRT.IN,1.44
Poland,POL,GDP per capita growth (annual %),NY.GDP.PCAP.KD.ZG,4.60600727341085
Poland,POL,Population growth (annual %),SP.POP.GROW,-0.0244271070993493
Poland,POL,"Life expectancy at birth, total (years)",SP.DYN.LE00.IN,77.9048780487805
Poland,POL,Net migration,SM.POP.NETM,7696
Portugal,PRT,"Fertility rate, total (births per woman)",SP.DYN.TFRT.IN,1.44
Portugal,PRT,GDP per capita growth (annual %),NY.GDP.PCAP.KD.ZG,2.7213025475328
Portugal,PRT,Population growth (annual %),SP.POP.GROW,0.0237334946497115
Portugal,PRT,"Life expectancy at birth, total (years)",SP.DYN.LE00.IN,81.6756097560976
Portugal,PRT,Net migration,SM.POP.NETM,63031
Puerto Rico (US),PRI,"Fertility rate, total (births per woman)",SP.DYN.TFRT.IN,0.982
Puerto Rico (US),PRI,GDP per capita growth (annual %),NY.GDP.PCAP.KD.ZG,1.30600530158883
Puerto Rico (US),PRI,Population growth (annual %),SP.POP.GROW,0.364032148393714
Puerto Rico (US),PRI,"Life expectancy at birth, total (years)",SP.DYN.LE00.IN,81.438
Puerto Rico (US),PRI,Net migration,SM.POP.NETM,10623
Qatar,QAT,"Fertility rate, total (births per woman)",SP.DYN.TFRT.IN,1.731
Qatar,QAT,GDP per capita growth (annual %),NY.GDP.PCAP.KD.ZG,-1.52203684233693
Qatar,QAT,Population growth (annual %),SP.POP.GROW,2.21962210028933
Qatar,QAT,"Life expectancy at birth, total (years)",SP.DYN.LE00.IN,82.945
Qatar,QAT,Net migration,SM.POP.NETM,10557
Romania,ROU,"Fertility rate, total (births per woman)",SP.DYN.TFRT.IN,1.77
Romania,ROU,GDP per capita growth (annual %),NY.GDP.PCAP.KD.ZG,4.47219165400254
Romania,ROU,Population growth (annual %),SP.POP.GROW,-0.526814821936341
Romania,ROU,"Life expectancy at birth, total (years)",SP.DYN.LE00.IN,75.6073170731707
Romania,ROU,Net migration,SM.POP.NETM,-27909
Russian Federation,RUS,"Fertility rate, total (births per woman)",SP.DYN.TFRT.IN,1.504
Russian Federation,RUS,GDP per capita growth (annual %),NY.GDP.PCAP.KD.ZG,2.14202624717367
Russian Federation,RUS,Population growth (annual %),SP.POP.GROW,0.037947213753429
Russian Federation,RUS,"Life expectancy at birth, total (years)",SP.DYN.LE00.IN,73.0839024390244
Russian Federation,RUS,Net migration,SM.POP.NETM,336494
Rwanda,RWA,"Fertility rate, total (births per woman)",SP.DYN.TFRT.IN,3.985
Rwanda,RWA,GDP per capita growth (annual %),NY.GDP.PCAP.KD.ZG,6.97929630145144
Rwanda,RWA,Population growth (annual %),SP.POP.GROW,2.28086099658628
Rwanda,RWA,"Life expectancy at birth, total (years)",SP.DYN.LE00.IN,66.691
Rwanda,RWA,Net migration,SM.POP.NETM,-24492
Samoa,WSM,"Fertility rate, total (births per woman)",SP.DYN.TFRT.IN,4.061
Samoa,WSM,GDP per capita growth (annual %),NY.GDP.PCAP.KD.ZG,3.35744960284687
Samoa,WSM,Population growth (annual %),SP.POP.GROW,1.05329202031498
Samoa,WSM,"Life expectancy at birth, total (years)",SP.DYN.LE00.IN,70.269
Samoa,WSM,Net migration,SM.POP.NETM,-2313
San Marino,SMR,"Fertility rate, total (births per woman)",SP.DYN.TFRT.IN,1.096
San Marino,SMR,GDP per capita growth (annual %),NY.GDP.PCAP.KD.ZG,1.6505086881123
San Marino,SMR,Population growth (annual %),SP.POP.GROW,0.407603368403658
San Marino,SMR,"Life expectancy at birth, total (years)",SP.DYN.LE00.IN,85.257
San Marino,SMR,Net migration,SM.POP.NETM,187
Sao Tome and Principe,STP,"Fertility rate, total (births per woman)",SP.DYN.TFRT.IN,3.9
Sao Tome and Principe,STP,GDP per capita growth (annual %),NY.GDP.PCAP.KD.ZG,0.482132360625684
Sao Tome and Principe,STP,Population growth (annual %),SP.POP.GROW,1.51332392108067
Sao Tome and Principe,STP,"Life expectancy at birth, total (years)",SP.DYN.LE00.IN,68.043
Sao Tome and Principe,STP,Net migration,SM.POP.NETM,-1716
Saudi Arabia,SAU,"Fertility rate, total (births per woman)",SP.DYN.TFRT.IN,2.49
Saudi Arabia,SAU,GDP per capita growth (annual %),NY.GDP.PCAP.KD.ZG,2.09951105043169
Saudi Arabia,SAU,Population growth (annual %),SP.POP.GROW,-0.439701419074031
Saudi Arabia,SAU,"Life expectancy at birth, total (years)",SP.DYN.LE00.IN,78.313
Saudi Arabia,SAU,Net migration,SM.POP.NETM,191582
Senegal,SEN,"Fertility rate, total (births per woman)",SP.DYN.TFRT.IN,4.1
Senegal,SEN,GDP per capita growth (annual %),NY.GDP.PCAP.KD.ZG,1.80892290260792
Senegal,SEN,Population growth (annual %),SP.POP.GROW,2.71760793051867
Senegal,SEN,"Life expectancy at birth, total (years)",SP.DYN.LE00.IN,67.668
Senegal,SEN,Net migration,SM.POP.NETM,38386
Serbia,SRB,"Fertility rate, total (births per woman)",SP.DYN.TFRT.IN,1.52
Serbia,SRB,GDP per capita growth (annual %),NY.GDP.PCAP.KD.ZG,5.31381889246718
Serbia,SRB,Population growth (annual %),SP.POP.GROW,-0.536610017822353
Serbia,SRB,"Life expectancy at birth, total (years)",SP.DYN.LE00.IN,75.9365853658537
Serbia,SRB,Net migration,SM.POP.NETM,-18891
Seychelles,SYC,"Fertility rate, total (births per woman)",SP.DYN.TFRT.IN,2.36
Seychelles,SYC,GDP per capita growth (annual %),NY.GDP.PCAP.KD.ZG,4.58155113586345
Seychelles,SYC,Population growth (annual %),SP.POP.GROW,0.887925293341637
Seychelles,SYC,"Life expectancy at birth, total (years)",SP.DYN.LE00.IN,74.0463414634146
Seychelles,SYC,Net migration,SM.POP.NETM,1770
Sierra Leone,SLE,"Fertility rate, total (births per woman)",SP.DYN.TFRT.IN,4.192
Sierra Leone,SLE,GDP per capita growth (annual %),NY.GDP.PCAP.KD.ZG,3.08171137743476
Sierra Leone,SLE,Population growth (annual %),SP.POP.GROW,2.32146457882717
Sierra Leone,SLE,"Life expectancy at birth, total (years)",SP.DYN.LE00.IN,59.593
Sierra Leone,SLE,Net migration,SM.POP.NETM,-2238
Singapore,SGP,"Fertility rate, total (births per woman)",SP.DYN.TFRT.IN,1.14
Singapore,SGP,GDP per capita growth (annual %),NY.GDP.PCAP.KD.ZG,0.15539750940367
Singapore,SGP,Population growth (annual %),SP.POP.GROW,1.14428330688929
Singapore,SGP,"Life expectancy at birth, total (years)",SP.DYN.LE00.IN,83.5951219512195
Singapore,SGP,Net migration,SM.POP.NETM,870
Sint Maarten (Dutch part),SXM,"Fertility rate, total (births per woman)",SP.DYN.TFRT.IN,1.481
Sint Maarten (Dutch part),SXM,GDP per capita growth (annual %),NY.GDP.PCAP.KD.ZG,9.11581322620327
Sint Maarten (Dutch part),SXM,Population growth (annual %),SP.POP.GROW,1.6805019872063
Sint Maarten (Dutch part),SXM,"Life expectancy at birth, total (years)",SP.DYN.LE00.IN,75.68
Sint Maarten (Dutch part),SXM,Net migration,SM.POP.NETM,526
Slovak Republic,SVK,"Fertility rate, total (births per woman)",SP.DYN.TFRT.IN,1.57
Slovak Republic,SVK,GDP per capita growth (annual %),NY.GDP.PCAP.KD.ZG,2.13758470717096
Slovak Republic,SVK,Population growth (annual %),SP.POP.GROW,0.135328072840865
Slovak Republic,SVK,"Life expectancy at birth, total (years)",SP.DYN.LE00.IN,77.6658536585366
Slovak Republic,SVK,Net migration,SM.POP.NETM,3128
Slovenia,SVN,"Fertility rate, total (births per woman)",SP.DYN.TFRT.IN,1.61
Slovenia,SVN,GDP per capita growth (annual %),NY.GDP.PCAP.KD.ZG,2.78704541391961
Slovenia,SVN,Population growth (annual %),SP.POP.GROW,0.696304046333357
Slovenia,SVN,"Life expectancy at birth, total (years)",SP.DYN.LE00.IN,81.5292682926829
Slovenia,SVN,Net migration,SM.POP.NETM,16352
Solomon Islands,SLB,"Fertility rate, total (births per woman)",SP.DYN.TFRT.IN,3.8
Solomon Islands,SLB,GDP per capita growth (annual %),NY.GDP.PCAP.KD.ZG,-0.912850986990961
Solomon Islands,SLB,Population growth (annual %),SP.POP.GROW,2.65049803426017
Solomon Islands,SLB,"Life expectancy at birth, total (years)",SP.DYN.LE00.IN,69.981
Solomon Islands,SLB,Net migration,SM.POP.NETM,-1990
"Somalia, Fed. Rep.",SOM,"Fertility rate, total (births per woman)",SP.DYN.TFRT.IN,6.56
"Somalia, Fed. Rep.",SOM,GDP per capita growth (annual %),NY.GDP.PCAP.KD.ZG,-0.886143106142129
"Somalia, Fed. Rep.",SOM,Population growth (annual %),SP.POP.GROW,3.67525774477084
"Somalia, Fed. Rep.",SOM,"Life expectancy at birth, total (years)",SP.DYN.LE00.IN,57.249
"Somalia, Fed. Rep.",SOM,Net migration,SM.POP.NETM,53124
South Africa,ZAF,"Fertility rate, total (births per woman)",SP.DYN.TFRT.IN,2.264
South Africa,ZAF,GDP per capita growth (annual %),NY.GDP.PCAP.KD.ZG,-1.3803610544763
South Africa,ZAF,Population growth (annual %),SP.POP.GROW,1.64957495527878
South Africa,ZAF,"Life expectancy at birth, total (years)",SP.DYN.LE00.IN,66.071
South Africa,ZAF,Net migration,SM.POP.NETM,331124
South Sudan,SSD,"Fertility rate, total (births per woman)",SP.DYN.TFRT.IN,4.26
South Sudan,SSD,GDP per capita growth (annual %),NY.GDP.PCAP.KD.ZG,..
South Sudan,SSD,Population growth (annual %),SP.POP.GROW,2.92439531185626
South Sudan,SSD,"Life expectancy at birth, total (years)",SP.DYN.LE00.IN,58.129
South Sudan,SSD,Net migration,SM.POP.NETM,65198
Spain,ESP,"Fertility rate, total (births per woman)",SP.DYN.TFRT.IN,1.23
Spain,ESP,GDP per capita growth (annual %),NY.GDP.PCAP.KD.ZG,1.23303741249605
Spain,ESP,Population growth (annual %),SP.POP.GROW,0.716697775475724
Spain,ESP,"Life expectancy at birth, total (years)",SP.DYN.LE00.IN,83.8317073170732
Spain,ESP,Net migration,SM.POP.NETM,464783
Sri Lanka,LKA,"Fertility rate, total (births per woman)",SP.DYN.TFRT.IN,2.022
Sri Lanka,LKA,GDP per capita growth (annual %),NY.GDP.PCAP.KD.ZG,-0.829146715022418
Sri Lanka,LKA,Population growth (annual %),SP.POP.GROW,0.611875945764341
Sri Lanka,LKA,"Life expectancy at birth, total (years)",SP.DYN.LE00.IN,76.698
Sri Lanka,LKA,Net migration,SM.POP.NETM,-28426
St. Kitts and Nevis,KNA,"Fertility rate, total (births per woman)",SP.DYN.TFRT.IN,1.568
St. Kitts and Nevis,KNA,GDP per capita growth (annual %),NY.GDP.PCAP.KD.ZG,3.06102179372833
St. Kitts and Nevis,KNA,Population growth (annual %),SP.POP.GROW,-0.119199673543347
St. Kitts and Nevis,KNA,"Life expectancy at birth, total (years)",SP.DYN.LE00.IN,71.54
St. Kitts and Nevis,KNA,Net migration,SM.POP.NETM,-202
St. Lucia,LCA,"Fertility rate, total (births per woman)",SP.DYN.TFRT.IN,1.424
St. Lucia,LCA,GDP per capita growth (annual %),NY.GDP.PCAP.KD.ZG,-1.06027192026241
St. Lucia,LCA,Population growth (annual %),SP.POP.GROW,0.3631466895222
St. Lucia,LCA,"Life expectancy at birth, total (years)",SP.DYN.LE00.IN,72.249
St. Lucia,LCA,Net migration,SM.POP.NETM,0
St. Martin (French part),MAF,"Fertility rate, total (births per woman)",SP.DYN.TFRT.IN,2.791
St. Martin (French part),MAF,GDP per capita growth (annual %),NY.GDP.PCAP.KD.ZG,11.9233703264347
St. Martin (French part),MAF,Population growth (annual %),SP.POP.GROW,-4.96694243141292
St. Martin (French part),MAF,"Life expectancy at birth, total (years)",SP.DYN.LE00.IN,80.078
St. Martin (French part),MAF,Net migration,SM.POP.NETM,-2682
St. Vincent and the Grenadines,VCT,"Fertility rate, total (births per woman)",SP.DYN.TFRT.IN,1.864
St. Vincent and the Grenadines,VCT,GDP per capita growth (annual %),NY.GDP.PCAP.KD.ZG,1.40193657114291
St. Vincent and the Grenadines,VCT,Population growth (annual %),SP.POP.GROW,-0.725995928811949
St. Vincent and the Grenadines,VCT,"Life expectancy at birth, total (years)",SP.DYN.LE00.IN,70.994
St. Vincent and the Grenadines,VCT,Net migration,SM.POP.NETM,-982
Sudan,SDN,"Fertility rate, total (births per woman)",SP.DYN.TFRT.IN,4.617
Sudan,SDN,GDP per capita growth (annual %),NY.GDP.PCAP.KD.ZG,-5.00795943799888
Sudan,SDN,Population growth (annual %),SP.POP.GROW,2.93537902352139
Sudan,SDN,"Life expectancy at birth, total (years)",SP.DYN.LE00.IN,65.803
Sudan,SDN,Net migration,SM.POP.NETM,-39491
Suriname,SUR,"Fertility rate, total (births per woman)",SP.DYN.TFRT.IN,2.347
Suriname,SUR,GDP per capita growth (annual %),NY.GDP.PCAP.KD.ZG,0.12296002295291
Suriname,SUR,Population growth (annual %),SP.POP.GROW,1.03794155144619
Suriname,SUR,"Life expectancy at birth, total (years)",SP.DYN.LE00.IN,71.773
Suriname,SUR,Net migration,SM.POP.NETM,191
Sweden,SWE,"Fertility rate, total (births per woman)",SP.DYN.TFRT.IN,1.71
Sweden,SWE,GDP per capita growth (annual %),NY.GDP.PCAP.KD.ZG,1.51533066980507
Sweden,SWE,Population growth (annual %),SP.POP.GROW,1.01372226345511
Sweden,SWE,"Life expectancy at birth, total (years)",SP.DYN.LE00.IN,83.109756097561
Sweden,SWE,Net migration,SM.POP.NETM,72619
Switzerland,CHE,"Fertility rate, total (births per woman)",SP.DYN.TFRT.IN,1.48
Switzerland,CHE,GDP per capita growth (annual %),NY.GDP.PCAP.KD.ZG,0.423089633793808
Switzerland,CHE,Population growth (annual %),SP.POP.GROW,0.713313668444329
Switzerland,CHE,"Life expectancy at birth, total (years)",SP.DYN.LE00.IN,83.9048780487805
Switzerland,CHE,Net migration,SM.POP.NETM,44517
Syrian Arab Republic,SYR,"Fertility rate, total (births per woman)",SP.DYN.TFRT.IN,2.878
Syrian Arab Republic,SYR,GDP per capita growth (annual %),NY.GDP.PCAP.KD.ZG,-2.63689452644155
Syrian Arab Republic,SYR,Population growth (annual %),SP.POP.GROW,3.88559879868016
Syrian Arab Republic,SYR,"Life expectancy at birth, total (years)",SP.DYN.LE00.IN,70.97
Syrian Arab Republic,SYR,Net migration,SM.POP.NETM,500985
Tajikistan,TJK,"Fertility rate, total (births per woman)",SP.DYN.TFRT.IN,3.281
Tajikistan,TJK,GDP per capita growth (annual %),NY.GDP.PCAP.KD.ZG,4.89098971791482
Tajikistan,TJK,Population growth (annual %),SP.POP.GROW,2.36385658944468
Tajikistan,TJK,"Life expectancy at birth, total (years)",SP.DYN.LE00.IN,70.962
Tajikistan,TJK,Net migration,SM.POP.NETM,-9041
Tanzania,TZA,"Fertility rate, total (births per woman)",SP.DYN.TFRT.IN,4.866
Tanzania,TZA,GDP per capita growth (annual %),NY.GDP.PCAP.KD.ZG,2.71005881950599
Tanzania,TZA,Population growth (annual %),SP.POP.GROW,2.98060939385811
Tanzania,TZA,"Life expectancy at birth, total (years)",SP.DYN.LE00.IN,66.007
Tanzania,TZA,Net migration,SM.POP.NETM,-63602
Thailand,THA,"Fertility rate, total (births per woman)",SP.DYN.TFRT.IN,1.285
Thailand,THA,GDP per capita growth (annual %),NY.GDP.PCAP.KD.ZG,1.90583495758329
Thailand,THA,Population growth (annual %),SP.POP.GROW,0.204609851692418
Thailand,THA,"Life expectancy at birth, total (years)",SP.DYN.LE00.IN,77.197
Thailand,THA,Net migration,SM.POP.NETM,5221
Timor-Leste,TLS,"Fertility rate, total (births per woman)",SP.DYN.TFRT.IN,3.116
Timor-Leste,TLS,GDP per capita growth (annual %),NY.GDP.PCAP.KD.ZG,21.0417576770136
Timor-Leste,TLS,Population growth (annual %),SP.POP.GROW,1.93928707188808
Timor-Leste,TLS,"Life expectancy at birth, total (years)",SP.DYN.LE00.IN,66.496
Timor-Leste,TLS,Net migration,SM.POP.NETM,3942
Togo,TGO,"Fertility rate, total (births per woman)",SP.DYN.TFRT.IN,4.45
Togo,TGO,GDP per capita growth (annual %),NY.GDP.PCAP.KD.ZG,2.39019138896094
Togo,TGO,Population growth (annual %),SP.POP.GROW,2.44351209316794
Togo,TGO,"Life expectancy at birth, total (years)",SP.DYN.LE00.IN,61.055
Togo,TGO,Net migration,SM.POP.NETM,-1985
Tonga,TON,"Fertility rate, total (births per woman)",SP.DYN.TFRT.IN,3.274
Tonga,TON,GDP per capita growth (annual %),NY.GDP.PCAP.KD.ZG,-0.304760032102536
Tonga,TON,Population growth (annual %),SP.POP.GROW,0.09657445504329
Tonga,TON,"Life expectancy at birth, total (years)",SP.DYN.LE00.IN,72.292
Tonga,TON,Net migration,SM.POP.NETM,-1778
Trinidad and Tobago,TTO,"Fertility rate, total (births per woman)",SP.DYN.TFRT.IN,1.578
Trinidad and Tobago,TTO,GDP per capita growth (annual %),NY.GDP.PCAP.KD.ZG,0.118832281215347
Trinidad and Tobago,TTO,Population growth (annual %),SP.POP.GROW,0.351942101931713
Trinidad and Tobago,TTO,"Life expectancy at birth, total (years)",SP.DYN.LE00.IN,72.836
Trinidad and Tobago,TTO,Net migration,SM.POP.NETM,-19251
Tunisia,TUN,"Fertility rate, total (births per woman)",SP.DYN.TFRT.IN,2.1
Tunisia,TUN,GDP per capita growth (annual %),NY.GDP.PCAP.KD.ZG,0.650532998075121
Tunisia,TUN,Population growth (annual %),SP.POP.GROW,0.926946081730267
Tunisia,TUN,"Life expectancy at birth, total (years)",SP.DYN.LE00.IN,75.599
Tunisia,TUN,Net migration,SM.POP.NETM,-19612
Turkiye,TUR,"Fertility rate, total (births per woman)",SP.DYN.TFRT.IN,1.89
Turkiye,TUR,GDP per capita growth (annual %),NY.GDP.PCAP.KD.ZG,-0.612629741080809
Turkiye,TUR,Population growth (annual %),SP.POP.GROW,1.42969688109789
Turkiye,TUR,"Life expectancy at birth, total (years)",SP.DYN.LE00.IN,77.737
Turkiye,TUR,Net migration,SM.POP.NETM,-15690
Turkmenistan,TKM,"Fertility rate, total (births per woman)",SP.DYN.TFRT.IN,2.834
Turkmenistan,TKM,GDP per capita growth (annual %),NY.GDP.PCAP.KD.ZG,3.98119112698603
Turkmenistan,TKM,Population growth (annual %),SP.POP.GROW,2.20552575085177
Turkmenistan,TKM,"Life expectancy at birth, total (years)",SP.DYN.LE00.IN,69.405
Turkmenistan,TKM,Net migration,SM.POP.NETM,19735
Turks and Caicos Islands,TCA,"Fertility rate, total (births per woman)",SP.DYN.TFRT.IN,1.617
Turks and Caicos Islands,TCA,GDP per capita growth (annual %),NY.GDP.PCAP.KD.ZG,1.07340727929571
Turks and Caicos Islands,TCA,Population growth (annual %),SP.POP.GROW,3.79390439929271
Turks and Caicos Islands,TCA,"Life expectancy at birth, total (years)",SP.DYN.LE00.IN,77.691
Turks and Caicos Islands,TCA,Net migration,SM.POP.NETM,1359
Tuvalu,TUV,"Fertility rate, total (births per woman)",SP.DYN.TFRT.IN,3.331
Tuvalu,TUV,GDP per capita growth (annual %),NY.GDP.PCAP.KD.ZG,15.650825095542
Tuvalu,TUV,Population growth (annual %),SP.POP.GROW,-1.59388335810663
Tuvalu,TUV,"Life expectancy at birth, total (years)",SP.DYN.LE00.IN,66.109
Tuvalu,TUV,Net migration,SM.POP.NETM,-343
Uganda,UGA,"Fertility rate, total (births per woman)",SP.DYN.TFRT.IN,4.744
Uganda,UGA,GDP per capita growth (annual %),NY.GDP.PCAP.KD.ZG,2.88958690241905
Uganda,UGA,Population growth (annual %),SP.POP.GROW,3.39132142318772
Uganda,UGA,"Life expectancy at birth, total (years)",SP.DYN.LE00.IN,66.354
Uganda,UGA,Net migration,SM.POP.NETM,107210
Ukraine,UKR,"Fertility rate, total (births per woman)",SP.DYN.TFRT.IN,1.218
Ukraine,UKR,GDP per capita growth (annual %),NY.GDP.PCAP.KD.ZG,3.87284698333255
Ukraine,UKR,Population growth (annual %),SP.POP.GROW,-0.557746010589576
Ukraine,UKR,"Life expectancy at birth, total (years)",SP.DYN.LE00.IN,73.92
Ukraine,UKR,Net migration,SM.POP.NETM,-6908
United Arab Emirates,ARE,"Fertility rate, total (births per woman)",SP.DYN.TFRT.IN,1.247
United Arab Emirates,ARE,GDP per capita growth (annual %),NY.GDP.PCAP.KD.ZG,0.0477460176562943
United Arab Emirates,ARE,Population growth (annual %),SP.POP.GROW,1.0545163442516
United Arab Emirates,ARE,"Life expectancy at birth, total (years)",SP.DYN.LE00.IN,82.596
United Arab Emirates,ARE,Net migration,SM.POP.NETM,-125186
United Kingdom,GBR,"Fertility rate, total (births per woman)",SP.DYN.TFRT.IN,1.632
United Kingdom,GBR,GDP per capita growth (annual %),NY.GDP.PCAP.KD.ZG,1.10286255995673
United Kingdom,GBR,Population growth (annual %),SP.POP.GROW,0.514596380840432
United Kingdom,GBR,"Life expectancy at birth, total (years)",SP.DYN.LE00.IN,81.3691219512195
United Kingdom,GBR,Net migration,SM.POP.NETM,232727
United States,USA,"Fertility rate, total (births per woman)",SP.DYN.TFRT.IN,1.706
United States,USA,GDP per capita growth (annual %),NY.GDP.PCAP.KD.ZG,2.05676589936279
United States,USA,Population growth (annual %),SP.POP.GROW,0.515108555014533
United States,USA,"Life expectancy at birth, total (years)",SP.DYN.LE00.IN,78.7878048780488
United States,USA,Net migration,SM.POP.NETM,1774500
Uruguay,URY,"Fertility rate, total (births per woman)",SP.DYN.TFRT.IN,1.567
Uruguay,URY,GDP per capita growth (annual %),NY.GDP.PCAP.KD.ZG,0.848968097010115
Uruguay,URY,Population growth (annual %),SP.POP.GROW,0.0786838170441181
Uruguay,URY,"Life expectancy at birth, total (years)",SP.DYN.LE00.IN,77.503
Uruguay,URY,Net migration,SM.POP.NETM,-2899
Uzbekistan,UZB,"Fertility rate, total (births per woman)",SP.DYN.TFRT.IN,2.869
Uzbekistan,UZB,GDP per capita growth (annual %),NY.GDP.PCAP.KD.ZG,4.86486140745366
Uzbekistan,UZB,Population growth (annual %),SP.POP.GROW,1.80974442927918
Uzbekistan,UZB,"Life expectancy at birth, total (years)",SP.DYN.LE00.IN,72.093
Uzbekistan,UZB,Net migration,SM.POP.NETM,-9341
Vanuatu,VUT,"Fertility rate, total (births per woman)",SP.DYN.TFRT.IN,3.79
Vanuatu,VUT,GDP per capita growth (annual %),NY.GDP.PCAP.KD.ZG,0.86298251414631
Vanuatu,VUT,Population growth (annual %),SP.POP.GROW,2.33048915705222
Vanuatu,VUT,"Life expectancy at birth, total (years)",SP.DYN.LE00.IN,70.783
Vanuatu,VUT,Net migration,SM.POP.NETM,-652
"Venezuela, RB",VEN,"Fertility rate, total (births per woman)",SP.DYN.TFRT.IN,2.131
"Venezuela, RB",VEN,GDP per capita growth (annual %),NY.GDP.PCAP.KD.ZG,..
"Venezuela, RB",VEN,Population growth (annual %),SP.POP.GROW,-2.96041293052007
"Venezuela, RB",VEN,"Life expectancy at birth, total (years)",SP.DYN.LE00.IN,72.766
"Venezuela, RB",VEN,Net migration,SM.POP.NETM,-975534
Viet Nam,VNM,"Fertility rate, total (births per woman)",SP.DYN.TFRT.IN,1.943
Viet Nam,VNM,GDP per capita growth (annual %),NY.GDP.PCAP.KD.ZG,6.32464886581907
Viet Nam,VNM,Population growth (annual %),SP.POP.GROW,0.968366698803348
Viet Nam,VNM,"Life expectancy at birth, total (years)",SP.DYN.LE00.IN,74.211
Viet Nam,VNM,Net migration,SM.POP.NETM,-2051
Virgin Islands (U.S.),VIR,"Fertility rate, total (births per woman)",SP.DYN.TFRT.IN,2.05
Virgin Islands (U.S.),VIR,GDP per capita growth (annual %),NY.GDP.PCAP.KD.ZG,3.22863068505148
Virgin Islands (U.S.),VIR,Population growth (annual %),SP.POP.GROW,-0.310759832621892
Virgin Islands (U.S.),VIR,"Life expectancy at birth, total (years)",SP.DYN.LE00.IN,79.6682926829268
Virgin Islands (U.S.),VIR,Net migration,SM.POP.NETM,-2743
West Bank and Gaza,PSE,"Fertility rate, total (births per woman)",SP.DYN.TFRT.IN,3.591
West Bank and Gaza,PSE,GDP per capita growth (annual %),NY.GDP.PCAP.KD.ZG,-1.15161366535136
West Bank and Gaza,PSE,Population growth (annual %),SP.POP.GROW,2.51178246264674
West Bank and Gaza,PSE,"Life expectancy at birth, total (years)",SP.DYN.LE00.IN,75.811
West Bank and Gaza,PSE,Net migration,SM.POP.NETM,-24733
"Yemen, Rep.",YEM,"Fertility rate, total (births per woman)",SP.DYN.TFRT.IN,4.603
"Yemen, Rep.",YEM,GDP per capita growth (annual %),NY.GDP.PCAP.KD.ZG,..
"Yemen, Rep.",YEM,Population growth (annual %),SP.POP.GROW,2.96633475184571
"Yemen, Rep.",YEM,"Life expectancy at birth, total (years)",SP.DYN.LE00.IN,66.567
"Yemen, Rep.",YEM,Net migration,SM.POP.NETM,2129
Zambia,ZMB,"Fertility rate, total (births per woman)",SP.DYN.TFRT.IN,4.418
Zambia,ZMB,GDP per capita growth (annual %),NY.GDP.PCAP.KD.ZG,-1.51894951073589
Zambia,ZMB,Population growth (annual %),SP.POP.GROW,2.96162166175699
Zambia,ZMB,"Life expectancy at birth, total (years)",SP.DYN.LE00.IN,62.914
Zambia,ZMB,Net migration,SM.POP.NETM,18385
Zimbabwe,ZWE,"Fertility rate, total (births per woman)",SP.DYN.TFRT.IN,3.748
Zimbabwe,ZWE,GDP per capita growth (annual %),NY.GDP.PCAP.KD.ZG,-7.78558357215347
Zimbabwe,ZWE,Population growth (annual %),SP.POP.GROW,1.56353351552455
Zimbabwe,ZWE,"Life expectancy at birth, total (years)",SP.DYN.LE00.IN,61.06
Zimbabwe,ZWE,Net migration,SM.POP.NETM,-103107
Africa Eastern and Southern,AFE,"Fertility rate, total (births per woman)",SP.DYN.TFRT.IN,4.47133814751909
Africa Eastern and Southern,AFE,GDP per capita growth (annual %),NY.GDP.PCAP.KD.ZG,-0.543714731993816
Africa Eastern and Southern,AFE,Population growth (annual %),SP.POP.GROW,2.72168052257397
Africa Eastern and Southern,AFE,"Life expectancy at birth, total (years)",SP.DYN.LE00.IN,63.8572612837042
Africa Eastern and Southern,AFE,Net migration,SM.POP.NETM,100706
Africa Western and Central,AFW,"Fertility rate, total (births per woman)",SP.DYN.TFRT.IN,4.82913447807754
Africa Western and Central,AFW,GDP per capita growth (annual %),NY.GDP.PCAP.KD.ZG,0.792526323823935
Africa Western and Central,AFW,Population growth (annual %),SP.POP.GROW,2.44004800908883
Africa Western and Central,AFW,"Life expectancy at birth, total (years)",SP.DYN.LE00.IN,57.1498467555118
Africa Western and Central,AFW,Net migration,SM.POP.NETM,-270812
Arab World,ARB,"Fertility rate, total (births per woman)",SP.DYN.TFRT.IN,3.25509307857064
Arab World,ARB,GDP per capita growth (annual %),NY.GDP.PCAP.KD.ZG,-0.169697468589646
Arab World,ARB,Population growth (annual %),SP.POP.GROW,1.88201603418311
Arab World,ARB,"Life expectancy at birth, total (years)",SP.DYN.LE00.IN,71.8398932674972
Arab World,ARB,Net migration,SM.POP.NETM,-51896
Caribbean small states,CSS,"Fertility rate, total (births per woman)",SP.DYN.TFRT.IN,1.89179306364999
Caribbean small states,CSS,GDP per capita growth (annual %),NY.GDP.PCAP.KD.ZG,0.113349961407792
Caribbean small states,CSS,Population growth (annual %),SP.POP.GROW,0.801650066715792
Caribbean small states,CSS,"Life expectancy at birth, total (years)",SP.DYN.LE00.IN,72.1292604830284
Caribbean small states,CSS,Net migration,SM.POP.NETM,-40925
Central Europe and the Baltics,CEB,"Fertility rate, total (births per woman)",SP.DYN.TFRT.IN,1.57825452419045
Central Europe and the Baltics,CEB,GDP per capita growth (annual %),NY.GDP.PCAP.KD.ZG,4.24109470646795
Central Europe and the Baltics,CEB,Population growth (annual %),SP.POP.GROW,-0.205872946873443
Central Europe and the Baltics,CEB,"Life expectancy at birth, total (years)",SP.DYN.LE00.IN,77.2659141936307
Central Europe and the Baltics,CEB,Net migration,SM.POP.NETM,36399
Early-demographic dividend,EAR,"Fertility rate, total (births per woman)",SP.DYN.TFRT.IN,2.42779561788204
Early-demographic dividend,EAR,GDP per capita growth (annual %),NY.GDP.PCAP.KD.ZG,1.14300021954961
Early-demographic dividend,EAR,Population growth (annual %),SP.POP.GROW,1.22262600683525
Early-demographic dividend,EAR,"Life expectancy at birth, total (years)",SP.DYN.LE00.IN,70.8424064605001
Early-demographic dividend,EAR,Net migration,SM.POP.NETM,-3682277
East Asia & Pacific,EAS,"Fertility rate, total (births per woman)",SP.DYN.TFRT.IN,1.66210584012914
East Asia & Pacific,EAS,GDP per capita growth (annual %),NY.GDP.PCAP.KD.ZG,3.50605470845468
East Asia & Pacific,EAS,Population growth (annual %),SP.POP.GROW,0.518117368664481
East Asia & Pacific,EAS,"Life expectancy at birth, total (years)",SP.DYN.LE00.IN,76.586261929345
East Asia & Pacific,EAS,Net migration,SM.POP.NETM,87628
East Asia & Pacific (excluding high income),EAP,"Fertility rate, total (births per woman)",SP.DYN.TFRT.IN,1.70480430061126
East Asia & Pacific (excluding high income),EAP,GDP per capita growth (annual %),NY.GDP.PCAP.KD.ZG,5.30475220317894
East Asia & Pacific (excluding high income),EAP,Population growth (annual %),SP.POP.GROW,0.550254605067876
East Asia & Pacific (excluding high income),EAP,"Life expectancy at birth, total (years)",SP.DYN.LE00.IN,75.7689690321509
East Asia & Pacific (excluding high income),EAP,Net migration,SM.POP.NETM,-645228
East Asia & Pacific (IDA & IBRD countries),TEA,"Fertility rate, total (births per woman)",SP.DYN.TFRT.IN,1.70329191143946
East Asia & Pacific (IDA & IBRD countries),TEA,GDP per capita growth (annual %),NY.GDP.PCAP.KD.ZG,5.30282855795426
East Asia & Pacific (IDA & IBRD countries),TEA,Population growth (annual %),SP.POP.GROW,0.552005486782092
East Asia & Pacific (IDA & IBRD countries),TEA,"Life expectancy at birth, total (years)",SP.DYN.LE00.IN,75.8042877234534
East Asia & Pacific (IDA & IBRD countries),TEA,Net migration,SM.POP.NETM,-642303
Euro area,EMU,"Fertility rate, total (births per woman)",SP.DYN.TFRT.IN,1.50367163161597
Euro area,EMU,GDP per capita growth (annual %),NY.GDP.PCAP.KD.ZG,1.44220328151744
Euro area,EMU,Population growth (annual %),SP.POP.GROW,0.182555333029983
Euro area,EMU,"Life expectancy at birth, total (years)",SP.DYN.LE00.IN,82.2804211551829
Euro area,EMU,Net migration,SM.POP.NETM,1315824
Europe & Central Asia,ECS,"Fertility rate, total (births per woman)",SP.DYN.TFRT.IN,1.68789097789203
Europe & Central Asia,ECS,GDP per capita growth (annual %),NY.GDP.PCAP.KD.ZG,1.49557920155348
Europe & Central Asia,ECS,Population growth (annual %),SP.POP.GROW,0.355281342275243
Europe & Central Asia,ECS,"Life expectancy at birth, total (years)",SP.DYN.LE00.IN,78.3042683990405
Europe & Central Asia,ECS,Net migration,SM.POP.NETM,1850271
Europe & Central Asia (excluding high income),ECA,"Fertility rate, total (births per woman)",SP.DYN.TFRT.IN,2.05779747580473
Europe & Central Asia (excluding high income),ECA,GDP per capita growth (annual %),NY.GDP.PCAP.KD.ZG,1.40045991358137
Europe & Central Asia (excluding high income),ECA,Population growth (annual %),SP.POP.GROW,0.889547860488011
Europe & Central Asia (excluding high income),ECA,"Life expectancy at birth, total (years)",SP.DYN.LE00.IN,74.821186588313
Europe & Central Asia (excluding high income),ECA,Net migration,SM.POP.NETM,-192835
Europe & Central Asia (IDA & IBRD countries),TEC,"Fertility rate, total (births per woman)",SP.DYN.TFRT.IN,1.82063857935928
Europe & Central Asia (IDA & IBRD countries),TEC,GDP per capita growth (annual %),NY.GDP.PCAP.KD.ZG,2.25054163175599
Europe & Central Asia (IDA & IBRD countries),TEC,Population growth (annual %),SP.POP.GROW,0.436690882032129
Europe & Central Asia (IDA & IBRD countries),TEC,"Life expectancy at birth, total (years)",SP.DYN.LE00.IN,74.5939674450224
Europe & Central Asia (IDA & IBRD countries),TEC,Net migration,SM.POP.NETM,108051
European Union,EUU,"Fertility rate, total (births per woman)",SP.DYN.TFRT.IN,1.52723560688075
European Union,EUU,GDP per capita growth (annual %),NY.GDP.PCAP.KD.ZG,1.74481413787839
European Union,EUU,Population growth (annual %),SP.POP.GROW,0.129990340516999
European Union,EUU,"Life expectancy at birth, total (years)",SP.DYN.LE00.IN,81.3194524901834
European Union,EUU,Net migration,SM.POP.NETM,1415454
Fragile and conflict affected situations,FCS,"Fertility rate, total (births per woman)",SP.DYN.TFRT.IN,4.39265166870199
Fragile and conflict affected situations,FCS,GDP per capita growth (annual %),NY.GDP.PCAP.KD.ZG,0.0862238486017901
Fragile and conflict affected situations,FCS,Population growth (annual %),SP.POP.GROW,2.20111520458581
Fragile and conflict affected situations,FCS,"Life expectancy at birth, total (years)",SP.DYN.LE00.IN,62.1379545505037
Fragile and conflict affected situations,FCS,Net migration,SM.POP.NETM,-1442679
Heavily indebted poor countries (HIPC),HPC,"Fertility rate, total (births per woman)",SP.DYN.TFRT.IN,4.76740744271933
Heavily indebted poor countries (HIPC),HPC,GDP per capita growth (annual %),NY.GDP.PCAP.KD.ZG,1.601344399046
Heavily indebted poor countries (HIPC),HPC,Population growth (annual %),SP.POP.GROW,2.78235199383994
Heavily indebted poor countries (HIPC),HPC,"Life expectancy at birth, total (years)",SP.DYN.LE00.IN,63.0898004183278
Heavily indebted poor countries (HIPC),HPC,Net migration,SM.POP.NETM,-444013
High income,HIC,"Fertility rate, total (births per woman)",SP.DYN.TFRT.IN,1.55877036254292
High income,HIC,GDP per capita growth (annual %),NY.GDP.PCAP.KD.ZG,1.57078007529022
High income,HIC,Population growth (annual %),SP.POP.GROW,0.337018050877654
High income,HIC,"Life expectancy at birth, total (years)",SP.DYN.LE00.IN,80.1994382042117
High income,HIC,Net migration,SM.POP.NETM,5055109
IBRD only,IBD,"Fertility rate, total (births per woman)",SP.DYN.TFRT.IN,1.93030330398479
IBRD only,IBD,GDP per capita growth (annual %),NY.GDP.PCAP.KD.ZG,3.22040318730663
IBRD only,IBD,Population growth (annual %),SP.POP.GROW,0.789862664540512
IBRD only,IBD,"Life expectancy at birth, total (years)",SP.DYN.LE00.IN,74.0315931724484
IBRD only,IBD,Net migration,SM.POP.NETM,-2193133
IDA & IBRD total,IBT,"Fertility rate, total (births per woman)",SP.DYN.TFRT.IN,2.47528474453778
IDA & IBRD total,IBT,GDP per capita growth (annual %),NY.GDP.PCAP.KD.ZG,2.83408658945265
IDA & IBRD total,IBT,Population growth (annual %),SP.POP.GROW,1.16201859259254
IDA & IBRD total,IBT,"Life expectancy at birth, total (years)",SP.DYN.LE00.IN,71.3942743859044
IDA & IBRD total,IBT,Net migration,SM.POP.NETM,-4539143
IDA blend,IDB,"Fertility rate, total (births per woman)",SP.DYN.TFRT.IN,4.1181258293125
IDA blend,IDB,GDP per capita growth (annual %),NY.GDP.PCAP.KD.ZG,0.996577941510225
IDA blend,IDB,Population growth (annual %),SP.POP.GROW,1.98455712089246
IDA blend,IDB,"Life expectancy at birth, total (years)",SP.DYN.LE00.IN,61.3259973798573
IDA blend,IDB,Net migration,SM.POP.NETM,-1467018
IDA only,IDX,"Fertility rate, total (births per woman)",SP.DYN.TFRT.IN,3.98818188350936
IDA only,IDX,GDP per capita growth (annual %),NY.GDP.PCAP.KD.ZG,2.56302069548151
IDA only,IDX,Population growth (annual %),SP.POP.GROW,2.31709176294693
IDA only,IDX,"Life expectancy at birth, total (years)",SP.DYN.LE00.IN,65.5828691146811
IDA only,IDX,Net migration,SM.POP.NETM,-878992
IDA total,IDA,"Fertility rate, total (births per woman)",SP.DYN.TFRT.IN,4.03279983481737
IDA total,IDA,GDP per capita growth (annual %),NY.GDP.PCAP.KD.ZG,1.73687784068754
IDA total,IDA,Population growth (annual %),SP.POP.GROW,2.2002330497674
IDA total,IDA,"Life expectancy at birth, total (years)",SP.DYN.LE00.IN,64.0885399952044
IDA total,IDA,Net migration,SM.POP.NETM,-2346010
Late-demographic dividend,LTE,"Fertility rate, total (births per woman)",SP.DYN.TFRT.IN,1.59444070087606
Late-demographic dividend,LTE,GDP per capita growth (annual %),NY.GDP.PCAP.KD.ZG,4.26871993558882
Late-demographic dividend,LTE,Population growth (annual %),SP.POP.GROW,0.456258135124208
Late-demographic dividend,LTE,"Life expectancy at birth, total (years)",SP.DYN.LE00.IN,76.9982668440355
Late-demographic dividend,LTE,Net migration,SM.POP.NETM,-414338
Latin America & Caribbean,LCN,"Fertility rate, total (births per woman)",SP.DYN.TFRT.IN,1.91833263036506
Latin America & Caribbean,LCN,GDP per capita growth (annual %),NY.GDP.PCAP.KD.ZG,-0.131553065914488
Latin America & Caribbean,LCN,Population growth (annual %),SP.POP.GROW,0.812117996469208
Latin America & Caribbean,LCN,"Life expectancy at birth, total (years)",SP.DYN.LE00.IN,75.2042598654921
Latin America & Caribbean,LCN,Net migration,SM.POP.NETM,-863096
Latin America & Caribbean (excluding high income),LAC,"Fertility rate, total (births per woman)",SP.DYN.TFRT.IN,1.93118200630743
Latin America & Caribbean (excluding high income),LAC,GDP per capita growth (annual %),NY.GDP.PCAP.KD.ZG,-0.382705834252477
Latin America & Caribbean (excluding high income),LAC,Population growth (annual %),SP.POP.GROW,0.981674474785563
Latin America & Caribbean (excluding high income),LAC,"Life expectancy at birth, total (years)",SP.DYN.LE00.IN,75.0513524613511
Latin America & Caribbean (excluding high income),LAC,Net migration,SM.POP.NETM,-38345
Latin America & the Caribbean (IDA & IBRD countries),TLA,"Fertility rate, total (births per woman)",SP.DYN.TFRT.IN,1.92884194956371
Latin America & the Caribbean (IDA & IBRD countries),TLA,GDP per capita growth (annual %),NY.GDP.PCAP.KD.ZG,-0.157612437390966
Latin America & the Caribbean (IDA & IBRD countries),TLA,Population growth (annual %),SP.POP.GROW,0.833705241452608
Latin America & the Caribbean (IDA & IBRD countries),TLA,"Life expectancy at birth, total (years)",SP.DYN.LE00.IN,75.1319711493442
Latin America & the Caribbean (IDA & IBRD countries),TLA,Net migration,SM.POP.NETM,-839329
Least developed countries: UN classification,LDC,"Fertility rate, total (births per woman)",SP.DYN.TFRT.IN,4.14870117902407
Least developed countries: UN classification,LDC,GDP per capita growth (annual %),NY.GDP.PCAP.KD.ZG,2.62811945672274
Least developed countries: UN classification,LDC,Population growth (annual %),SP.POP.GROW,2.38191321433326
Least developed countries: UN classification,LDC,"Life expectancy at birth, total (years)",SP.DYN.LE00.IN,64.9724534415541
Least developed countries: UN classification,LDC,Net migration,SM.POP.NETM,-1229408
Low & middle income,LMY,"Fertility rate, total (births per woman)",SP.DYN.TFRT.IN,2.47487708219608
Low & middle income,LMY,GDP per capita growth (annual %),NY.GDP.PCAP.KD.ZG,2.90353580863056
Low & middle income,LMY,Population growth (annual %),SP.POP.GROW,1.19114124828498
Low & middle income,LMY,"Life expectancy at birth, total (years)",SP.DYN.LE00.IN,71.3698556147386
Low & middle income,LMY,Net migration,SM.POP.NETM,-4057666
Low income,LIC,"Fertility rate, total (births per woman)",SP.DYN.TFRT.IN,4.91047198059186
Low income,LIC,GDP per capita growth (annual %),NY.GDP.PCAP.KD.ZG,0.521036796135547
Low income,LIC,Population growth (annual %),SP.POP.GROW,2.87761064620328
Low income,LIC,"Life expectancy at birth, total (years)",SP.DYN.LE00.IN,62.7974465200669
Low income,LIC,Net migration,SM.POP.NETM,275129
Lower middle income,LMC,"Fertility rate, total (births per woman)",SP.DYN.TFRT.IN,2.72010172661846
Lower middle income,LMC,GDP per capita growth (annual %),NY.GDP.PCAP.KD.ZG,2.64729564404742
Lower middle income,LMC,Population growth (annual %),SP.POP.GROW,1.37716602197508
Lower middle income,LMC,"Life expectancy at birth, total (years)",SP.DYN.LE00.IN,68.5574256254118
Lower middle income,LMC,Net migration,SM.POP.NETM,-3885755
"Middle East, North Africa, Afghanistan & Pakistan",MEA,"Fertility rate, total (births per woman)",SP.DYN.TFRT.IN,3.16206943875318
"Middle East, North Africa, Afghanistan & Pakistan",MEA,GDP per capita growth (annual %),NY.GDP.PCAP.KD.ZG,-0.201809022555594
"Middle East, North Africa, Afghanistan & Pakistan",MEA,Population growth (annual %),SP.POP.GROW,1.67709090803779
"Middle East, North Africa, Afghanistan & Pakistan",MEA,"Life expectancy at birth, total (years)",SP.DYN.LE00.IN,71.2438695042576
"Middle East, North Africa, Afghanistan & Pakistan",MEA,Net migration,SM.POP.NETM,-1224013
"Middle East, North Africa, Afghanistan & Pakistan (excluding high income)",MNA,"Fertility rate, total (births per woman)",SP.DYN.TFRT.IN,3.23197870200249
"Middle East, North Africa, Afghanistan & Pakistan (excluding high income)",MNA,GDP per capita growth (annual %),NY.GDP.PCAP.KD.ZG,-0.572332788508561
"Middle East, North Africa, Afghanistan & Pakistan (excluding high income)",MNA,Population growth (annual %),SP.POP.GROW,1.78568343276842
"Middle East, North Africa, Afghanistan & Pakistan (excluding high income)",MNA,"Life expectancy at birth, total (years)",SP.DYN.LE00.IN,70.417484585256
"Middle East, North Africa, Afghanistan & Pakistan (excluding high income)",MNA,Net migration,SM.POP.NETM,-1188136
"Middle East, North Africa, Afghanistan & Pakistan (IDA & IBRD)",TMN,"Fertility rate, total (births per woman)",SP.DYN.TFRT.IN,3.22947151957324
"Middle East, North Africa, Afghanistan & Pakistan (IDA & IBRD)",TMN,GDP per capita growth (annual %),NY.GDP.PCAP.KD.ZG,-0.568460332567739
"Middle East, North Africa, Afghanistan & Pakistan (IDA & IBRD)",TMN,Population growth (annual %),SP.POP.GROW,1.78066780462406
"Middle East, North Africa, Afghanistan & Pakistan (IDA & IBRD)",TMN,"Life expectancy at birth, total (years)",SP.DYN.LE00.IN,70.3800917806817
"Middle East, North Africa, Afghanistan & Pakistan (IDA & IBRD)",TMN,Net migration,SM.POP.NETM,-1163403
Middle income,MIC,"Fertility rate, total (births per woman)",SP.DYN.TFRT.IN,2.25902876682121
Middle income,MIC,GDP per capita growth (annual %),NY.GDP.PCAP.KD.ZG,3.07644082499898
Middle income,MIC,Population growth (annual %),SP.POP.GROW,1.03134477816904
Middle income,MIC,"Life expectancy at birth, total (years)",SP.DYN.LE00.IN,72.1896324078539
Middle income,MIC,Net migration,SM.POP.NETM,-4332795
North America,NAC,"Fertility rate, total (births per woman)",SP.DYN.TFRT.IN,1.68176811100914
North America,NAC,GDP per capita growth (annual %),NY.GDP.PCAP.KD.ZG,1.90533273228071
North America,NAC,Population growth (annual %),SP.POP.GROW,0.61147351678854
North America,NAC,"Life expectancy at birth, total (years)",SP.DYN.LE00.IN,79.1334134419141
North America,NAC,Net migration,SM.POP.NETM,2162471
Not classified,INX,"Fertility rate, total (births per woman)",SP.DYN.TFRT.IN,..
Not classified,INX,GDP per capita growth (annual %),NY.GDP.PCAP.KD.ZG,..
Not classified,INX,Population growth (annual %),SP.POP.GROW,..
Not classified,INX,"Life expectancy at birth, total (years)",SP.DYN.LE00.IN,..
Not classified,INX,Net migration,SM.POP.NETM,..
OECD members,OED,"Fertility rate, total (births per woman)",SP.DYN.TFRT.IN,1.63129392078343
OECD members,OED,GDP per capita growth (annual %),NY.GDP.PCAP.KD.ZG,1.28425689579497
OECD members,OED,Population growth (annual %),SP.POP.GROW,0.564882065185412
OECD members,OED,"Life expectancy at birth, total (years)",SP.DYN.LE00.IN,80.2450777215729
OECD members,OED,Net migration,SM.POP.NETM,5032997
Other small states,OSS,"Fertility rate, total (births per woman)",SP.DYN.TFRT.IN,2.16819081899787
Other small states,OSS,GDP per capita growth (annual %),NY.GDP.PCAP.KD.ZG,3.09206341185228
Other small states,OSS,Population growth (annual %),SP.POP.GROW,1.20113624131693
Other small states,OSS,"Life expectancy at birth, total (years)",SP.DYN.LE00.IN,72.6570116424877
Other small states,OSS,Net migration,SM.POP.NETM,31956
Pacific island small states,PSS,"Fertility rate, total (births per woman)",SP.DYN.TFRT.IN,3.17968996269514
Pacific island small states,PSS,GDP per capita growth (annual %),NY.GDP.PCAP.KD.ZG,0.104260546170792
Pacific island small states,PSS,Population growth (annual %),SP.POP.GROW,1.0428091638606
Pacific island small states,PSS,"Life expectancy at birth, total (years)",SP.DYN.LE00.IN,68.6421578303985
Pacific island small states,PSS,Net migration,SM.POP.NETM,-23261
Post-demographic dividend,PST,"Fertility rate, total (births per woman)",SP.DYN.TFRT.IN,1.51890044146358
Post-demographic dividend,PST,GDP per capita growth (annual %),NY.GDP.PCAP.KD.ZG,1.51393608668346
Post-demographic dividend,PST,Population growth (annual %),SP.POP.GROW,0.317142653558788
Post-demographic dividend,PST,"Life expectancy at birth, total (years)",SP.DYN.LE00.IN,80.9700933374947
Post-demographic dividend,PST,Net migration,SM.POP.NETM,4489727
Pre-demographic dividend,PRE,"Fertility rate, total (births per woman)",SP.DYN.TFRT.IN,4.87014287162415
Pre-demographic dividend,PRE,GDP per capita growth (annual %),NY.GDP.PCAP.KD.ZG,0.57937946085957
Pre-demographic dividend,PRE,Population growth (annual %),SP.POP.GROW,2.70891780222761
Pre-demographic dividend,PRE,"Life expectancy at birth, total (years)",SP.DYN.LE00.IN,60.5568008955552
Pre-demographic dividend,PRE,Net migration,SM.POP.NETM,-357440
Small states,SST,"Fertility rate, total (births per woman)",SP.DYN.TFRT.IN,2.23544844472644
Small states,SST,GDP per capita growth (annual %),NY.GDP.PCAP.KD.ZG,2.07864836265964
Small states,SST,Population growth (annual %),SP.POP.GROW,1.08792342830391
Small states,SST,"Life expectancy at birth, total (years)",SP.DYN.LE00.IN,72.0009607335469
Small states,SST,Net migration,SM.POP.NETM,-32230
South Asia,SAS,"Fertility rate, total (births per woman)",SP.DYN.TFRT.IN,2.12407623256393
South Asia,SAS,GDP per capita growth (annual %),NY.GDP.PCAP.KD.ZG,3.04100951053226
South Asia,SAS,Population growth (annual %),SP.POP.GROW,1.01724945450809
South Asia,SAS,"Life expectancy at birth, total (years)",SP.DYN.LE00.IN,70.9975623145981
South Asia,SAS,Net migration,SM.POP.NETM,-1832053
South Asia (IDA & IBRD),TSA,"Fertility rate, total (births per woman)",SP.DYN.TFRT.IN,2.12407623256393
South Asia (IDA & IBRD),TSA,GDP per capita growth (annual %),NY.GDP.PCAP.KD.ZG,3.04100951053226
South Asia (IDA & IBRD),TSA,Population growth (annual %),SP.POP.GROW,1.01724945450809
South Asia (IDA & IBRD),TSA,"Life expectancy at birth, total (years)",SP.DYN.LE00.IN,70.9975623145981
South Asia (IDA & IBRD),TSA,Net migration,SM.POP.NETM,-1832053
Sub-Saharan Africa,SSF,"Fertility rate, total (births per woman)",SP.DYN.TFRT.IN,4.61328768259518
Sub-Saharan Africa,SSF,GDP per capita growth (annual %),NY.GDP.PCAP.KD.ZG,0.0539480052962347
Sub-Saharan Africa,SSF,Population growth (annual %),SP.POP.GROW,2.60704344275351
Sub-Saharan Africa,SSF,"Life expectancy at birth, total (years)",SP.DYN.LE00.IN,61.1293218424873
Sub-Saharan Africa,SSF,Net migration,SM.POP.NETM,-170106
Sub-Saharan Africa (excluding high income),SSA,"Fertility rate, total (births per woman)",SP.DYN.TFRT.IN,4.64434907291966
Sub-Saharan Africa (excluding high income),SSA,GDP per capita growth (annual %),NY.GDP.PCAP.KD.ZG,-0.207671749733393
Sub-Saharan Africa (excluding high income),SSA,Population growth (annual %),SP.POP.GROW,2.59769218054589
Sub-Saharan Africa (excluding high income),SSA,"Life expectancy at birth, total (years)",SP.DYN.LE00.IN,60.6065912895076
Sub-Saharan Africa (excluding high income),SSA,Net migration,SM.POP.NETM,-161069
Sub-Saharan Africa (IDA & IBRD countries),TSS,"Fertility rate, total (births per woman)",SP.DYN.TFRT.IN,4.61328768259518
Sub-Saharan Africa (IDA & IBRD countries),TSS,GDP per capita growth (annual %),NY.GDP.PCAP.KD.ZG,0.0539480052962347
Sub-Saharan Africa (IDA & IBRD countries),TSS,Population growth (annual %),SP.POP.GROW,2.60704344275351
Sub-Saharan Africa (IDA & IBRD countries),TSS,"Life expectancy at birth, total (years)",SP.DYN.LE00.IN,61.1293218424873
Sub-Saharan Africa (IDA & IBRD countries),TSS,Net migration,SM.POP.NETM,-170106
Upper middle income,UMC,"Fertility rate, total (births per woman)",SP.DYN.TFRT.IN,1.75920465416601
Upper middle income,UMC,GDP per capita growth (annual %),NY.GDP.PCAP.KD.ZG,3.47177429573662
Upper middle income,UMC,Population growth (annual %),SP.POP.GROW,0.667049823713829
Upper middle income,UMC,"Life expectancy at birth, total (years)",SP.DYN.LE00.IN,76.029480770985
Upper middle income,UMC,Net migration,SM.POP.NETM,-447040
World,WLD,"Fertility rate, total (births per woman)",SP.DYN.TFRT.IN,2.35323784811332
World,WLD,GDP per capita growth (annual %),NY.GDP.PCAP.KD.ZG,1.64294945599994
World,WLD,Population growth (annual %),SP.POP.GROW,1.04436974995153
World,WLD,"Life expectancy at birth, total (years)",SP.DYN.LE00.IN,72.8689103086688
World,WLD,Net migration,SM.POP.NETM,0
,,,,
,,,,
,,,,
Data from database: World Development Indicators,,,,
Last Updated: 10/07/2025,,,,
