Country Name,Country Code,Series Name,Series Code,2010 [YR2010]
Afghanistan,AFG,"Fertility rate, total (births per woman)",SP.DYN.TFRT.IN,6.195
Afghanistan,AFG,GDP per capita growth (annual %),NY.GDP.PCAP.KD.ZG,11.0550305527288
Afghanistan,AFG,Population growth (annual %),SP.POP.GROW,2.93468670173474
Afghanistan,AFG,"Life expectancy at birth, total (years)",SP.DYN.LE00.IN,60.702
Afghanistan,AFG,Net migration,SM.POP.NETM,-167460
Albania,ALB,"Fertility rate, total (births per woman)",SP.DYN.TFRT.IN,1.653
Albania,ALB,GDP per capita growth (annual %),NY.GDP.PCAP.KD.ZG,3.48564808644622
Albania,ALB,Population growth (annual %),SP.POP.GROW,-0.49646196338738
Albania,ALB,"Life expectancy at birth, total (years)",SP.DYN.LE00.IN,78.414
Albania,ALB,Net migration,SM.POP.NETM,-51907
Algeria,DZA,"Fertility rate, total (births per woman)",SP.DYN.TFRT.IN,2.875
Algeria,DZA,GDP per capita growth (annual %),NY.GDP.PCAP.KD.ZG,2.77921908194712
Algeria,DZA,Population growth (annual %),SP.POP.GROW,1.9470588317966
Algeria,DZA,"Life expectancy at birth, total (years)",SP.DYN.LE00.IN,74.144
Algeria,DZA,Net migration,SM.POP.NETM,-10788
American Samoa,ASM,"Fertility rate, total (births per woman)",SP.DYN.TFRT.IN,3.292
American Samoa,ASM,GDP per capita growth (annual %),NY.GDP.PCAP.KD.ZG,0.84468159199173
American Samoa,ASM,Population growth (annual %),SP.POP.GROW,-0.541732698337665
American Samoa,ASM,"Life expectancy at birth, total (years)",SP.DYN.LE00.IN,72.587
American Samoa,ASM,Net migration,SM.POP.NETM,-1261
Andorra,AND,"Fertility rate, total (births per woman)",SP.DYN.TFRT.IN,1.275
Andorra,AND,GDP per capita growth (annual %),NY.GDP.PCAP.KD.ZG,1.88988084312282
Andorra,AND,Population growth (annual %),SP.POP.GROW,-3.86696538756774
Andorra,AND,"Life expectancy at birth, total (years)",SP.DYN.LE00.IN,84.197
Andorra,AND,Net migration,SM.POP.NETM,-6194
Angola,AGO,"Fertility rate, total (births per woman)",SP.DYN.TFRT.IN,6.194
Angola,AGO,GDP per capita growth (annual %),NY.GDP.PCAP.KD.ZG,0.45432400635525
Angola,AGO,Population growth (annual %),SP.POP.GROW,3.85109824897149
Angola,AGO,"Life expectancy at birth, total (years)",SP.DYN.LE00.IN,57.242
Angola,AGO,Net migration,SM.POP.NETM,122418
Antigua and Barbuda,ATG,"Fertility rate, total (births per woman)",SP.DYN.TFRT.IN,1.785
Antigua and Barbuda,ATG,GDP per capita growth (annual %),NY.GDP.PCAP.KD.ZG,-9.0794536101368
Antigua and Barbuda,ATG,Population growth (annual %),SP.POP.GROW,1.35346888620455
Antigua and Barbuda,ATG,"Life expectancy at birth, total (years)",SP.DYN.LE00.IN,76.701
Antigua and Barbuda,ATG,Net migration,SM.POP.NETM,291
Argentina,ARG,"Fertility rate, total (births per woman)",SP.DYN.TFRT.IN,2.411
Argentina,ARG,GDP per capita growth (annual %),NY.GDP.PCAP.KD.ZG,8.96819672899282
Argentina,ARG,Population growth (annual %),SP.POP.GROW,1.05636332156278
Argentina,ARG,"Life expectancy at birth, total (years)",SP.DYN.LE00.IN,75.68
Argentina,ARG,Net migration,SM.POP.NETM,-5003
Armenia,ARM,"Fertility rate, total (births per woman)",SP.DYN.TFRT.IN,1.5
Armenia,ARM,GDP per capita growth (annual %),NY.GDP.PCAP.KD.ZG,2.91158696816194
Armenia,ARM,Population growth (annual %),SP.POP.GROW,-0.693856288987436
Armenia,ARM,"Life expectancy at birth, total (years)",SP.DYN.LE00.IN,73.1731707317073
Armenia,ARM,Net migration,SM.POP.NETM,-30009
Aruba,ABW,"Fertility rate, total (births per woman)",SP.DYN.TFRT.IN,1.855
Aruba,ABW,GDP per capita growth (annual %),NY.GDP.PCAP.KD.ZG,-2.95695264975568
Aruba,ABW,Population growth (annual %),SP.POP.GROW,0.230041095930877
Aruba,ABW,"Life expectancy at birth, total (years)",SP.DYN.LE00.IN,74.297
Aruba,ABW,Net migration,SM.POP.NETM,501
Australia,AUS,"Fertility rate, total (births per woman)",SP.DYN.TFRT.IN,1.928
Australia,AUS,GDP per capita growth (annual %),NY.GDP.PCAP.KD.ZG,0.642043486475501
Australia,AUS,Population growth (annual %),SP.POP.GROW,1.55570626204128
Australia,AUS,"Life expectancy at birth, total (years)",SP.DYN.LE00.IN,81.6951219512195
Australia,AUS,Net migration,SM.POP.NETM,166752
Austria,AUT,"Fertility rate, total (births per woman)",SP.DYN.TFRT.IN,1.44
Austria,AUT,GDP per capita growth (annual %),NY.GDP.PCAP.KD.ZG,1.56453337880819
Austria,AUT,Population growth (annual %),SP.POP.GROW,0.240394299500766
Austria,AUT,"Life expectancy at birth, total (years)",SP.DYN.LE00.IN,80.5804878048781
Austria,AUT,Net migration,SM.POP.NETM,22570
Azerbaijan,AZE,"Fertility rate, total (births per woman)",SP.DYN.TFRT.IN,1.92
Azerbaijan,AZE,GDP per capita growth (annual %),NY.GDP.PCAP.KD.ZG,3.54945565734815
Azerbaijan,AZE,Population growth (annual %),SP.POP.GROW,1.18978770786007
Azerbaijan,AZE,"Life expectancy at birth, total (years)",SP.DYN.LE00.IN,70.309
Azerbaijan,AZE,Net migration,SM.POP.NETM,1373
"Bahamas, The",BHS,"Fertility rate, total (births per woman)",SP.DYN.TFRT.IN,1.837
"Bahamas, The",BHS,GDP per capita growth (annual %),NY.GDP.PCAP.KD.ZG,0.248837037553542
"Bahamas, The",BHS,Population growth (annual %),SP.POP.GROW,1.27841716584672
"Bahamas, The",BHS,"Life expectancy at birth, total (years)",SP.DYN.LE00.IN,73.449
"Bahamas, The",BHS,Net migration,SM.POP.NETM,1898
Bahrain,BHR,"Fertility rate, total (births per woman)",SP.DYN.TFRT.IN,1.987
Bahrain,BHR,GDP per capita growth (annual %),NY.GDP.PCAP.KD.ZG,0.0771669589062469
Bahrain,BHR,Population growth (annual %),SP.POP.GROW,4.16585991920366
Bahrain,BHR,"Life expectancy at birth, total (years)",SP.DYN.LE00.IN,78.593
Bahrain,BHR,Net migration,SM.POP.NETM,-19329
Bangladesh,BGD,"Fertility rate, total (births per woman)",SP.DYN.TFRT.IN,2.38
Bangladesh,BGD,GDP per capita growth (annual %),NY.GDP.PCAP.KD.ZG,4.65046297355514
Bangladesh,BGD,Population growth (annual %),SP.POP.GROW,0.876530534249878
Bangladesh,BGD,"Life expectancy at birth, total (years)",SP.DYN.LE00.IN,68.009
Bangladesh,BGD,Net migration,SM.POP.NETM,-1113727
Barbados,BRB,"Fertility rate, total (births per woman)",SP.DYN.TFRT.IN,1.785
Barbados,BRB,GDP per capita growth (annual %),NY.GDP.PCAP.KD.ZG,-2.61559986287267
Barbados,BRB,Population growth (annual %),SP.POP.GROW,0.407743308362451
Barbados,BRB,"Life expectancy at birth, total (years)",SP.DYN.LE00.IN,75.488
Barbados,BRB,Net migration,SM.POP.NETM,-36
Belarus,BLR,"Fertility rate, total (births per woman)",SP.DYN.TFRT.IN,1.494
Belarus,BLR,GDP per capita growth (annual %),NY.GDP.PCAP.KD.ZG,7.98573282581962
Belarus,BLR,Population growth (annual %),SP.POP.GROW,-0.218522755959381
Belarus,BLR,"Life expectancy at birth, total (years)",SP.DYN.LE00.IN,70.4048780487805
Belarus,BLR,Net migration,SM.POP.NETM,10300
Belgium,BEL,"Fertility rate, total (births per woman)",SP.DYN.TFRT.IN,1.86
Belgium,BEL,GDP per capita growth (annual %),NY.GDP.PCAP.KD.ZG,1.77618341639121
Belgium,BEL,Population growth (annual %),SP.POP.GROW,0.913639391631709
Belgium,BEL,"Life expectancy at birth, total (years)",SP.DYN.LE00.IN,80.1829268292683
Belgium,BEL,Net migration,SM.POP.NETM,105232
Belize,BLZ,"Fertility rate, total (births per woman)",SP.DYN.TFRT.IN,2.552
Belize,BLZ,GDP per capita growth (annual %),NY.GDP.PCAP.KD.ZG,-1.29537328094713
Belize,BLZ,Population growth (annual %),SP.POP.GROW,2.41171251993503
Belize,BLZ,"Life expectancy at birth, total (years)",SP.DYN.LE00.IN,70.875
Belize,BLZ,Net migration,SM.POP.NETM,1639
Benin,BEN,"Fertility rate, total (births per woman)",SP.DYN.TFRT.IN,5.452
Benin,BEN,GDP per capita growth (annual %),NY.GDP.PCAP.KD.ZG,-0.888244805144353
Benin,BEN,Population growth (annual %),SP.POP.GROW,2.98424162798508
Benin,BEN,"Life expectancy at birth, total (years)",SP.DYN.LE00.IN,58.387
Benin,BEN,Net migration,SM.POP.NETM,3947
Bermuda,BMU,"Fertility rate, total (births per woman)",SP.DYN.TFRT.IN,1.767
Bermuda,BMU,GDP per capita growth (annual %),NY.GDP.PCAP.KD.ZG,-2.74767294578886
Bermuda,BMU,Population growth (annual %),SP.POP.GROW,0.251394586009326
Bermuda,BMU,"Life expectancy at birth, total (years)",SP.DYN.LE00.IN,79.414
Bermuda,BMU,Net migration,SM.POP.NETM,-201
Bhutan,BTN,"Fertility rate, total (births per woman)",SP.DYN.TFRT.IN,2.252
Bhutan,BTN,GDP per capita growth (annual %),NY.GDP.PCAP.KD.ZG,10.7124208428696
Bhutan,BTN,Population growth (annual %),SP.POP.GROW,1.0954380761045
Bhutan,BTN,"Life expectancy at birth, total (years)",SP.DYN.LE00.IN,68.765
Bhutan,BTN,Net migration,SM.POP.NETM,-922
Bolivia,BOL,"Fertility rate, total (births per woman)",SP.DYN.TFRT.IN,3.213
Bolivia,BOL,GDP per capita growth (annual %),NY.GDP.PCAP.KD.ZG,2.42845713052706
Bolivia,BOL,Population growth (annual %),SP.POP.GROW,1.64440681785103
Bolivia,BOL,"Life expectancy at birth, total (years)",SP.DYN.LE00.IN,66.003
Bolivia,BOL,Net migration,SM.POP.NETM,-12590
Bosnia and Herzegovina,BIH,"Fertility rate, total (births per woman)",SP.DYN.TFRT.IN,1.26
Bosnia and Herzegovina,BIH,GDP per capita growth (annual %),NY.GDP.PCAP.KD.ZG,2.67372248880544
Bosnia and Herzegovina,BIH,Population growth (annual %),SP.POP.GROW,-1.77665932121615
Bosnia and Herzegovina,BIH,"Life expectancy at birth, total (years)",SP.DYN.LE00.IN,76.827
Bosnia and Herzegovina,BIH,Net migration,SM.POP.NETM,-67228
Botswana,BWA,"Fertility rate, total (births per woman)",SP.DYN.TFRT.IN,3.135
Botswana,BWA,GDP per capita growth (annual %),NY.GDP.PCAP.KD.ZG,7.82114700196456
Botswana,BWA,Population growth (annual %),SP.POP.GROW,2.10943597528371
Botswana,BWA,"Life expectancy at birth, total (years)",SP.DYN.LE00.IN,59.137
Botswana,BWA,Net migration,SM.POP.NETM,5151
Brazil,BRA,"Fertility rate, total (births per woman)",SP.DYN.TFRT.IN,1.786
Brazil,BRA,GDP per capita growth (annual %),NY.GDP.PCAP.KD.ZG,6.62782994932327
Brazil,BRA,Population growth (annual %),SP.POP.GROW,0.84088322514573
Brazil,BRA,"Life expectancy at birth, total (years)",SP.DYN.LE00.IN,73.779
Brazil,BRA,Net migration,SM.POP.NETM,-261539
British Virgin Islands,VGB,"Fertility rate, total (births per woman)",SP.DYN.TFRT.IN,1.183
British Virgin Islands,VGB,GDP per capita growth (annual %),NY.GDP.PCAP.KD.ZG,..
British Virgin Islands,VGB,Population growth (annual %),SP.POP.GROW,1.66509594565746
British Virgin Islands,VGB,"Life expectancy at birth, total (years)",SP.DYN.LE00.IN,76.289
British Virgin Islands,VGB,Net migration,SM.POP.NETM,-125
Brunei Darussalam,BRN,"Fertility rate, total (births per woman)",SP.DYN.TFRT.IN,1.937
Brunei Darussalam,BRN,GDP per capita growth (annual %),NY.GDP.PCAP.KD.ZG,0.808737710775503
Brunei Darussalam,BRN,Population growth (annual %),SP.POP.GROW,1.89897689252094
Brunei Darussalam,BRN,"Life expectancy at birth, total (years)",SP.DYN.LE00.IN,74.82
Brunei Darussalam,BRN,Net migration,SM.POP.NETM,2479
Bulgaria,BGR,"Fertility rate, total (births per woman)",SP.DYN.TFRT.IN,1.57
Bulgaria,BGR,GDP per capita growth (annual %),NY.GDP.PCAP.KD.ZG,2.22607879962553
Bulgaria,BGR,Population growth (annual %),SP.POP.GROW,-0.658275446635908
Bulgaria,BGR,"Life expectancy at birth, total (years)",SP.DYN.LE00.IN,73.5121951219512
Bulgaria,BGR,Net migration,SM.POP.NETM,-21668
Burkina Faso,BFA,"Fertility rate, total (births per woman)",SP.DYN.TFRT.IN,5.936
Burkina Faso,BFA,GDP per capita growth (annual %),NY.GDP.PCAP.KD.ZG,5.31934915891263
Burkina Faso,BFA,Population growth (annual %),SP.POP.GROW,2.92577947499021
Burkina Faso,BFA,"Life expectancy at birth, total (years)",SP.DYN.LE00.IN,56.343
Burkina Faso,BFA,Net migration,SM.POP.NETM,-42055
Burundi,BDI,"Fertility rate, total (births per woman)",SP.DYN.TFRT.IN,6.26
Burundi,BDI,GDP per capita growth (annual %),NY.GDP.PCAP.KD.ZG,0.316683987792786
Burundi,BDI,Population growth (annual %),SP.POP.GROW,4.68101057302388
Burundi,BDI,"Life expectancy at birth, total (years)",SP.DYN.LE00.IN,57.088
Burundi,BDI,Net migration,SM.POP.NETM,11845
Cabo Verde,CPV,"Fertility rate, total (births per woman)",SP.DYN.TFRT.IN,2.329
Cabo Verde,CPV,GDP per capita growth (annual %),NY.GDP.PCAP.KD.ZG,1.10867941118087
Cabo Verde,CPV,Population growth (annual %),SP.POP.GROW,0.717181999615317
Cabo Verde,CPV,"Life expectancy at birth, total (years)",SP.DYN.LE00.IN,72.507
Cabo Verde,CPV,Net migration,SM.POP.NETM,-5069
Cambodia,KHM,"Fertility rate, total (births per woman)",SP.DYN.TFRT.IN,2.859
Cambodia,KHM,GDP per capita growth (annual %),NY.GDP.PCAP.KD.ZG,3.45435117133705
Cambodia,KHM,Population growth (annual %),SP.POP.GROW,1.55621745380597
Cambodia,KHM,"Life expectancy at birth, total (years)",SP.DYN.LE00.IN,67.311
Cambodia,KHM,Net migration,SM.POP.NETM,-49781
Cameroon,CMR,"Fertility rate, total (births per woman)",SP.DYN.TFRT.IN,5.154
Cameroon,CMR,GDP per capita growth (annual %),NY.GDP.PCAP.KD.ZG,0.000136421484427274
Cameroon,CMR,Population growth (annual %),SP.POP.GROW,2.85766146651935
Cameroon,CMR,"Life expectancy at birth, total (years)",SP.DYN.LE00.IN,56.965
Cameroon,CMR,Net migration,SM.POP.NETM,-9366
Canada,CAN,"Fertility rate, total (births per woman)",SP.DYN.TFRT.IN,1.65
Canada,CAN,GDP per capita growth (annual %),NY.GDP.PCAP.KD.ZG,1.95144744690714
Canada,CAN,Population growth (annual %),SP.POP.GROW,1.11135202971694
Canada,CAN,"Life expectancy at birth, total (years)",SP.DYN.LE00.IN,81.3221951219512
Canada,CAN,Net migration,SM.POP.NETM,225369
Cayman Islands,CYM,"Fertility rate, total (births per woman)",SP.DYN.TFRT.IN,1.694
Cayman Islands,CYM,GDP per capita growth (annual %),NY.GDP.PCAP.KD.ZG,-5.37886645271013
Cayman Islands,CYM,Population growth (annual %),SP.POP.GROW,2.77574348652733
Cayman Islands,CYM,"Life expectancy at birth, total (years)",SP.DYN.LE00.IN,76.069
Cayman Islands,CYM,Net migration,SM.POP.NETM,978
Central African Republic,CAF,"Fertility rate, total (births per woman)",SP.DYN.TFRT.IN,5.963
Central African Republic,CAF,GDP per capita growth (annual %),NY.GDP.PCAP.KD.ZG,5.47038096593693
Central African Republic,CAF,Population growth (annual %),SP.POP.GROW,-0.799202484181735
Central African Republic,CAF,"Life expectancy at birth, total (years)",SP.DYN.LE00.IN,46.871
Central African Republic,CAF,Net migration,SM.POP.NETM,-43126
Chad,TCD,"Fertility rate, total (births per woman)",SP.DYN.TFRT.IN,6.99
Chad,TCD,GDP per capita growth (annual %),NY.GDP.PCAP.KD.ZG,9.92359181592764
Chad,TCD,Population growth (annual %),SP.POP.GROW,3.46077094768596
Chad,TCD,"Life expectancy at birth, total (years)",SP.DYN.LE00.IN,50.107
Chad,TCD,Net migration,SM.POP.NETM,10427
Channel Islands,CHI,"Fertility rate, total (births per woman)",SP.DYN.TFRT.IN,1.58
Channel Islands,CHI,GDP per capita growth (annual %),NY.GDP.PCAP.KD.ZG,-4.28117501896055
Channel Islands,CHI,Population growth (annual %),SP.POP.GROW,0.70224119137965
Channel Islands,CHI,"Life expectancy at birth, total (years)",SP.DYN.LE00.IN,81.2
Channel Islands,CHI,Net migration,SM.POP.NETM,742
Chile,CHL,"Fertility rate, total (births per woman)",SP.DYN.TFRT.IN,1.844
Chile,CHL,GDP per capita growth (annual %),NY.GDP.PCAP.KD.ZG,4.79363748014636
Chile,CHL,Population growth (annual %),SP.POP.GROW,1.00455362363927
Chile,CHL,"Life expectancy at birth, total (years)",SP.DYN.LE00.IN,79.095
Chile,CHL,Net migration,SM.POP.NETM,26048
China,CHN,"Fertility rate, total (births per woman)",SP.DYN.TFRT.IN,1.687
China,CHN,GDP per capita growth (annual %),NY.GDP.PCAP.KD.ZG,10.0634243207535
China,CHN,Population growth (annual %),SP.POP.GROW,0.482959688678361
China,CHN,"Life expectancy at birth, total (years)",SP.DYN.LE00.IN,75.668
China,CHN,Net migration,SM.POP.NETM,-184144
Colombia,COL,"Fertility rate, total (births per woman)",SP.DYN.TFRT.IN,2.01
Colombia,COL,GDP per capita growth (annual %),NY.GDP.PCAP.KD.ZG,3.31434936742798
Colombia,COL,Population growth (annual %),SP.POP.GROW,1.13596836363633
Colombia,COL,"Life expectancy at birth, total (years)",SP.DYN.LE00.IN,74.876
Colombia,COL,Net migration,SM.POP.NETM,-34220
Comoros,COM,"Fertility rate, total (births per woman)",SP.DYN.TFRT.IN,4.755
Comoros,COM,GDP per capita growth (annual %),NY.GDP.PCAP.KD.ZG,2.73828086409912
Comoros,COM,Population growth (annual %),SP.POP.GROW,1.98790768401212
Comoros,COM,"Life expectancy at birth, total (years)",SP.DYN.LE00.IN,62.747
Comoros,COM,Net migration,SM.POP.NETM,-3832
"Congo, Dem. Rep.",COD,"Fertility rate, total (births per woman)",SP.DYN.TFRT.IN,6.587
"Congo, Dem. Rep.",COD,GDP per capita growth (annual %),NY.GDP.PCAP.KD.ZG,3.74773143955383
"Congo, Dem. Rep.",COD,Population growth (annual %),SP.POP.GROW,3.18751592835336
"Congo, Dem. Rep.",COD,"Life expectancy at birth, total (years)",SP.DYN.LE00.IN,56.411
"Congo, Dem. Rep.",COD,Net migration,SM.POP.NETM,8823
"Congo, Rep.",COG,"Fertility rate, total (births per woman)",SP.DYN.TFRT.IN,4.851
"Congo, Rep.",COG,GDP per capita growth (annual %),NY.GDP.PCAP.KD.ZG,5.47046970435608
"Congo, Rep.",COG,Population growth (annual %),SP.POP.GROW,4.14243050486562
"Congo, Rep.",COG,"Life expectancy at birth, total (years)",SP.DYN.LE00.IN,61.731
"Congo, Rep.",COG,Net migration,SM.POP.NETM,12318
Costa Rica,CRI,"Fertility rate, total (births per woman)",SP.DYN.TFRT.IN,1.827
Costa Rica,CRI,GDP per capita growth (annual %),NY.GDP.PCAP.KD.ZG,4.06134325895124
Costa Rica,CRI,Population growth (annual %),SP.POP.GROW,1.24057536472066
Costa Rica,CRI,"Life expectancy at birth, total (years)",SP.DYN.LE00.IN,79.354
Costa Rica,CRI,Net migration,SM.POP.NETM,2357
Cote d'Ivoire,CIV,"Fertility rate, total (births per woman)",SP.DYN.TFRT.IN,5.292
Cote d'Ivoire,CIV,GDP per capita growth (annual %),NY.GDP.PCAP.KD.ZG,4.5193074547668
Cote d'Ivoire,CIV,Population growth (annual %),SP.POP.GROW,2.20359114199838
Cote d'Ivoire,CIV,"Life expectancy at birth, total (years)",SP.DYN.LE00.IN,55.282
Cote d'Ivoire,CIV,Net migration,SM.POP.NETM,-182689
Croatia,HRV,"Fertility rate, total (births per woman)",SP.DYN.TFRT.IN,1.46
Croatia,HRV,GDP per capita growth (annual %),NY.GDP.PCAP.KD.ZG,-1.11003223418777
Croatia,HRV,Population growth (annual %),SP.POP.GROW,-0.226821270818422
Croatia,HRV,"Life expectancy at birth, total (years)",SP.DYN.LE00.IN,76.4756097560976
Croatia,HRV,Net migration,SM.POP.NETM,-3995
Cuba,CUB,"Fertility rate, total (births per woman)",SP.DYN.TFRT.IN,1.673
Cuba,CUB,GDP per capita growth (annual %),NY.GDP.PCAP.KD.ZG,2.36597236588088
Cuba,CUB,Population growth (annual %),SP.POP.GROW,0.023813604568028
Cuba,CUB,"Life expectancy at birth, total (years)",SP.DYN.LE00.IN,77.876
Cuba,CUB,Net migration,SM.POP.NETM,-34121
Curacao,CUW,"Fertility rate, total (births per woman)",SP.DYN.TFRT.IN,2.2
Curacao,CUW,GDP per capita growth (annual %),NY.GDP.PCAP.KD.ZG,-1.17626862745298
Curacao,CUW,Population growth (annual %),SP.POP.GROW,1.26551415533004
Curacao,CUW,"Life expectancy at birth, total (years)",SP.DYN.LE00.IN,75.117
Curacao,CUW,Net migration,SM.POP.NETM,242
Cyprus,CYP,"Fertility rate, total (births per woman)",SP.DYN.TFRT.IN,1.434
Cyprus,CYP,GDP per capita growth (annual %),NY.GDP.PCAP.KD.ZG,-0.357614019094044
Cyprus,CYP,Population growth (annual %),SP.POP.GROW,1.64898311615441
Cyprus,CYP,"Life expectancy at birth, total (years)",SP.DYN.LE00.IN,80.632
Cyprus,CYP,Net migration,SM.POP.NETM,11793
Czechia,CZE,"Fertility rate, total (births per woman)",SP.DYN.TFRT.IN,1.51
Czechia,CZE,GDP per capita growth (annual %),NY.GDP.PCAP.KD.ZG,2.41582948883936
Czechia,CZE,Population growth (annual %),SP.POP.GROW,0.29136167418042
Czechia,CZE,"Life expectancy at birth, total (years)",SP.DYN.LE00.IN,77.4243902439025
Czechia,CZE,Net migration,SM.POP.NETM,34927
Denmark,DNK,"Fertility rate, total (births per woman)",SP.DYN.TFRT.IN,1.87
Denmark,DNK,GDP per capita growth (annual %),NY.GDP.PCAP.KD.ZG,1.13266938250023
Denmark,DNK,Population growth (annual %),SP.POP.GROW,0.444197154509531
Denmark,DNK,"Life expectancy at birth, total (years)",SP.DYN.LE00.IN,79.1
Denmark,DNK,Net migration,SM.POP.NETM,17533
Djibouti,DJI,"Fertility rate, total (births per woman)",SP.DYN.TFRT.IN,3.431
Djibouti,DJI,GDP per capita growth (annual %),NY.GDP.PCAP.KD.ZG,..
Djibouti,DJI,Population growth (annual %),SP.POP.GROW,2.03332270229716
Djibouti,DJI,"Life expectancy at birth, total (years)",SP.DYN.LE00.IN,60.743
Djibouti,DJI,Net migration,SM.POP.NETM,2129
Dominica,DMA,"Fertility rate, total (births per woman)",SP.DYN.TFRT.IN,1.887
Dominica,DMA,GDP per capita growth (annual %),NY.GDP.PCAP.KD.ZG,-0.0983573113798997
Dominica,DMA,Population growth (annual %),SP.POP.GROW,-0.00726095133303796
Dominica,DMA,"Life expectancy at birth, total (years)",SP.DYN.LE00.IN,71.68
Dominica,DMA,Net migration,SM.POP.NETM,-206
Dominican Republic,DOM,"Fertility rate, total (births per woman)",SP.DYN.TFRT.IN,2.556
Dominican Republic,DOM,GDP per capita growth (annual %),NY.GDP.PCAP.KD.ZG,7.02231182986095
Dominican Republic,DOM,Population growth (annual %),SP.POP.GROW,1.28013209833069
Dominican Republic,DOM,"Life expectancy at birth, total (years)",SP.DYN.LE00.IN,72.039
Dominican Republic,DOM,Net migration,SM.POP.NETM,-36587
Ecuador,ECU,"Fertility rate, total (births per woman)",SP.DYN.TFRT.IN,2.615
Ecuador,ECU,GDP per capita growth (annual %),NY.GDP.PCAP.KD.ZG,2.2990259381485
Ecuador,ECU,Population growth (annual %),SP.POP.GROW,1.67708805313164
Ecuador,ECU,"Life expectancy at birth, total (years)",SP.DYN.LE00.IN,75.188
Ecuador,ECU,Net migration,SM.POP.NETM,-8330
"Egypt, Arab Rep.",EGY,"Fertility rate, total (births per woman)",SP.DYN.TFRT.IN,3.296
"Egypt, Arab Rep.",EGY,GDP per capita growth (annual %),NY.GDP.PCAP.KD.ZG,3.14977851168294
"Egypt, Arab Rep.",EGY,Population growth (annual %),SP.POP.GROW,1.91795124102801
"Egypt, Arab Rep.",EGY,"Life expectancy at birth, total (years)",SP.DYN.LE00.IN,69.078
"Egypt, Arab Rep.",EGY,Net migration,SM.POP.NETM,-194100
El Salvador,SLV,"Fertility rate, total (births per woman)",SP.DYN.TFRT.IN,2.239
El Salvador,SLV,GDP per capita growth (annual %),NY.GDP.PCAP.KD.ZG,1.81801613607789
El Salvador,SLV,Population growth (annual %),SP.POP.GROW,0.329632681613896
El Salvador,SLV,"Life expectancy at birth, total (years)",SP.DYN.LE00.IN,70.909
El Salvador,SLV,Net migration,SM.POP.NETM,-54688
Equatorial Guinea,GNQ,"Fertility rate, total (births per woman)",SP.DYN.TFRT.IN,5.209
Equatorial Guinea,GNQ,GDP per capita growth (annual %),NY.GDP.PCAP.KD.ZG,-13.0151718370352
Equatorial Guinea,GNQ,Population growth (annual %),SP.POP.GROW,4.59586770504622
Equatorial Guinea,GNQ,"Life expectancy at birth, total (years)",SP.DYN.LE00.IN,58.344
Equatorial Guinea,GNQ,Net migration,SM.POP.NETM,22027
Eritrea,ERI,"Fertility rate, total (births per woman)",SP.DYN.TFRT.IN,4.571
Eritrea,ERI,GDP per capita growth (annual %),NY.GDP.PCAP.KD.ZG,0.205918877679608
Eritrea,ERI,Population growth (annual %),SP.POP.GROW,1.96475727107645
Eritrea,ERI,"Life expectancy at birth, total (years)",SP.DYN.LE00.IN,63.665
Eritrea,ERI,Net migration,SM.POP.NETM,-13361
Estonia,EST,"Fertility rate, total (births per woman)",SP.DYN.TFRT.IN,1.72
Estonia,EST,GDP per capita growth (annual %),NY.GDP.PCAP.KD.ZG,2.68366165094633
Estonia,EST,Population growth (annual %),SP.POP.GROW,-0.22805796852935
Estonia,EST,"Life expectancy at birth, total (years)",SP.DYN.LE00.IN,75.4292682926829
Estonia,EST,Net migration,SM.POP.NETM,-3781
Eswatini,SWZ,"Fertility rate, total (births per woman)",SP.DYN.TFRT.IN,3.375
Eswatini,SWZ,GDP per capita growth (annual %),NY.GDP.PCAP.KD.ZG,3.18713606361428
Eswatini,SWZ,Population growth (annual %),SP.POP.GROW,0.586161116007687
Eswatini,SWZ,"Life expectancy at birth, total (years)",SP.DYN.LE00.IN,48.331
Eswatini,SWZ,Net migration,SM.POP.NETM,-11334
Ethiopia,ETH,"Fertility rate, total (births per woman)",SP.DYN.TFRT.IN,5.282
Ethiopia,ETH,GDP per capita growth (annual %),NY.GDP.PCAP.KD.ZG,9.40434487750386
Ethiopia,ETH,Population growth (annual %),SP.POP.GROW,2.83517457968806
Ethiopia,ETH,"Life expectancy at birth, total (years)",SP.DYN.LE00.IN,59.709
Ethiopia,ETH,Net migration,SM.POP.NETM,80213
Faroe Islands,FRO,"Fertility rate, total (births per woman)",SP.DYN.TFRT.IN,2.5146
Faroe Islands,FRO,GDP per capita growth (annual %),NY.GDP.PCAP.KD.ZG,-0.105466831279102
Faroe Islands,FRO,Population growth (annual %),SP.POP.GROW,-0.275018644732287
Faroe Islands,FRO,"Life expectancy at birth, total (years)",SP.DYN.LE00.IN,80.6390243902439
Faroe Islands,FRO,Net migration,SM.POP.NETM,-780
Fiji,FJI,"Fertility rate, total (births per woman)",SP.DYN.TFRT.IN,2.696
Fiji,FJI,GDP per capita growth (annual %),NY.GDP.PCAP.KD.ZG,2.59506233236995
Fiji,FJI,Population growth (annual %),SP.POP.GROW,0.34990116341096
Fiji,FJI,"Life expectancy at birth, total (years)",SP.DYN.LE00.IN,66.778
Fiji,FJI,Net migration,SM.POP.NETM,-10354
Finland,FIN,"Fertility rate, total (births per woman)",SP.DYN.TFRT.IN,1.87
Finland,FIN,GDP per capita growth (annual %),NY.GDP.PCAP.KD.ZG,2.69737665062684
Finland,FIN,Population growth (annual %),SP.POP.GROW,0.457494535465831
Finland,FIN,"Life expectancy at birth, total (years)",SP.DYN.LE00.IN,79.8707317073171
Finland,FIN,Net migration,SM.POP.NETM,14080
France,FRA,"Fertility rate, total (births per woman)",SP.DYN.TFRT.IN,2.03
France,FRA,GDP per capita growth (annual %),NY.GDP.PCAP.KD.ZG,1.49872466177408
France,FRA,Population growth (annual %),SP.POP.GROW,0.492976371032656
France,FRA,"Life expectancy at birth, total (years)",SP.DYN.LE00.IN,81.6634146341463
France,FRA,Net migration,SM.POP.NETM,52644
French Polynesia,PYF,"Fertility rate, total (births per woman)",SP.DYN.TFRT.IN,2.165
French Polynesia,PYF,GDP per capita growth (annual %),NY.GDP.PCAP.KD.ZG,-2.86221244709949
French Polynesia,PYF,Population growth (annual %),SP.POP.GROW,0.406991623911333
French Polynesia,PYF,"Life expectancy at birth, total (years)",SP.DYN.LE00.IN,81.141
French Polynesia,PYF,Net migration,SM.POP.NETM,-2917
Gabon,GAB,"Fertility rate, total (births per woman)",SP.DYN.TFRT.IN,4.153
Gabon,GAB,GDP per capita growth (annual %),NY.GDP.PCAP.KD.ZG,3.45835073677657
Gabon,GAB,Population growth (annual %),SP.POP.GROW,3.44994267851283
Gabon,GAB,"Life expectancy at birth, total (years)",SP.DYN.LE00.IN,64.715
Gabon,GAB,Net migration,SM.POP.NETM,17274
"Gambia, The",GMB,"Fertility rate, total (births per woman)",SP.DYN.TFRT.IN,5.558
"Gambia, The",GMB,GDP per capita growth (annual %),NY.GDP.PCAP.KD.ZG,2.87350950500529
"Gambia, The",GMB,Population growth (annual %),SP.POP.GROW,2.90737929979677
"Gambia, The",GMB,"Life expectancy at birth, total (years)",SP.DYN.LE00.IN,61.167
"Gambia, The",GMB,Net migration,SM.POP.NETM,-2456
Georgia,GEO,"Fertility rate, total (births per woman)",SP.DYN.TFRT.IN,1.973
Georgia,GEO,GDP per capita growth (annual %),NY.GDP.PCAP.KD.ZG,7.02428366897674
Georgia,GEO,Population growth (annual %),SP.POP.GROW,-0.729475256932528
Georgia,GEO,"Life expectancy at birth, total (years)",SP.DYN.LE00.IN,71.732
Georgia,GEO,Net migration,SM.POP.NETM,-36608
Germany,DEU,"Fertility rate, total (births per woman)",SP.DYN.TFRT.IN,1.39
Germany,DEU,GDP per capita growth (annual %),NY.GDP.PCAP.KD.ZG,4.30644105826545
Germany,DEU,Population growth (annual %),SP.POP.GROW,-0.153198446937304
Germany,DEU,"Life expectancy at birth, total (years)",SP.DYN.LE00.IN,79.9878048780488
Germany,DEU,Net migration,SM.POP.NETM,130116
Ghana,GHA,"Fertility rate, total (births per woman)",SP.DYN.TFRT.IN,4.181
Ghana,GHA,GDP per capita growth (annual %),NY.GDP.PCAP.KD.ZG,5.30617508163762
Ghana,GHA,Population growth (annual %),SP.POP.GROW,2.43301424000427
Ghana,GHA,"Life expectancy at birth, total (years)",SP.DYN.LE00.IN,61.297
Ghana,GHA,Net migration,SM.POP.NETM,-3726
Gibraltar,GIB,"Fertility rate, total (births per woman)",SP.DYN.TFRT.IN,1.954
Gibraltar,GIB,GDP per capita growth (annual %),NY.GDP.PCAP.KD.ZG,..
Gibraltar,GIB,Population growth (annual %),SP.POP.GROW,1.3694209589518
Gibraltar,GIB,"Life expectancy at birth, total (years)",SP.DYN.LE00.IN,82.08
Gibraltar,GIB,Net migration,SM.POP.NETM,255
Greece,GRC,"Fertility rate, total (births per woman)",SP.DYN.TFRT.IN,1.48
Greece,GRC,GDP per capita growth (annual %),NY.GDP.PCAP.KD.ZG,-5.81520524166056
Greece,GRC,Population growth (annual %),SP.POP.GROW,0.128880432668041
Greece,GRC,"Life expectancy at birth, total (years)",SP.DYN.LE00.IN,80.3878048780488
Greece,GRC,Net migration,SM.POP.NETM,2001
Greenland,GRL,"Fertility rate, total (births per woman)",SP.DYN.TFRT.IN,2.195
Greenland,GRL,GDP per capita growth (annual %),NY.GDP.PCAP.KD.ZG,1.35611976495977
Greenland,GRL,Population growth (annual %),SP.POP.GROW,0.373924959638993
Greenland,GRL,"Life expectancy at birth, total (years)",SP.DYN.LE00.IN,70.0807317073171
Greenland,GRL,Net migration,SM.POP.NETM,-46
Grenada,GRD,"Fertility rate, total (births per woman)",SP.DYN.TFRT.IN,2.038
Grenada,GRD,GDP per capita growth (annual %),NY.GDP.PCAP.KD.ZG,-0.807153746059768
Grenada,GRD,Population growth (annual %),SP.POP.GROW,0.297971859311282
Grenada,GRD,"Life expectancy at birth, total (years)",SP.DYN.LE00.IN,74.731
Grenada,GRD,Net migration,SM.POP.NETM,-665
Guam,GUM,"Fertility rate, total (births per woman)",SP.DYN.TFRT.IN,2.973
Guam,GUM,GDP per capita growth (annual %),NY.GDP.PCAP.KD.ZG,2.04892665177626
Guam,GUM,Population growth (annual %),SP.POP.GROW,0.209801847347007
Guam,GUM,"Life expectancy at birth, total (years)",SP.DYN.LE00.IN,76.095
Guam,GUM,Net migration,SM.POP.NETM,-2450
Guatemala,GTM,"Fertility rate, total (births per woman)",SP.DYN.TFRT.IN,3.375
Guatemala,GTM,GDP per capita growth (annual %),NY.GDP.PCAP.KD.ZG,0.865525448373077
Guatemala,GTM,Population growth (annual %),SP.POP.GROW,1.9815646590713
Guatemala,GTM,"Life expectancy at birth, total (years)",SP.DYN.LE00.IN,69.885
Guatemala,GTM,Net migration,SM.POP.NETM,-36076
Guinea,GIN,"Fertility rate, total (births per woman)",SP.DYN.TFRT.IN,5.435
Guinea,GIN,GDP per capita growth (annual %),NY.GDP.PCAP.KD.ZG,2.26713039266406
Guinea,GIN,Population growth (annual %),SP.POP.GROW,2.45929310036327
Guinea,GIN,"Life expectancy at birth, total (years)",SP.DYN.LE00.IN,56.431
Guinea,GIN,Net migration,SM.POP.NETM,-31327
Guinea-Bissau,GNB,"Fertility rate, total (births per woman)",SP.DYN.TFRT.IN,5.111
Guinea-Bissau,GNB,GDP per capita growth (annual %),NY.GDP.PCAP.KD.ZG,2.91052833964689
Guinea-Bissau,GNB,Population growth (annual %),SP.POP.GROW,2.58492032110101
Guinea-Bissau,GNB,"Life expectancy at birth, total (years)",SP.DYN.LE00.IN,56.999
Guinea-Bissau,GNB,Net migration,SM.POP.NETM,-2257
Guyana,GUY,"Fertility rate, total (births per woman)",SP.DYN.TFRT.IN,2.684
Guyana,GUY,GDP per capita growth (annual %),NY.GDP.PCAP.KD.ZG,4.53289275994231
Guyana,GUY,Population growth (annual %),SP.POP.GROW,-0.378060196527414
Guyana,GUY,"Life expectancy at birth, total (years)",SP.DYN.LE00.IN,66.204
Guyana,GUY,Net migration,SM.POP.NETM,-13655
Haiti,HTI,"Fertility rate, total (births per woman)",SP.DYN.TFRT.IN,3.497
Haiti,HTI,GDP per capita growth (annual %),NY.GDP.PCAP.KD.ZG,-6.7459038549499
Haiti,HTI,Population growth (annual %),SP.POP.GROW,1.16672671353074
Haiti,HTI,"Life expectancy at birth, total (years)",SP.DYN.LE00.IN,45.577
Haiti,HTI,Net migration,SM.POP.NETM,-28416
Honduras,HND,"Fertility rate, total (births per woman)",SP.DYN.TFRT.IN,3.078
Honduras,HND,GDP per capita growth (annual %),NY.GDP.PCAP.KD.ZG,1.5491216313325
Honduras,HND,Population growth (annual %),SP.POP.GROW,2.12597244017857
Honduras,HND,"Life expectancy at birth, total (years)",SP.DYN.LE00.IN,69.77
Honduras,HND,Net migration,SM.POP.NETM,-5419
"Hong Kong SAR, China",HKG,"Fertility rate, total (births per woman)",SP.DYN.TFRT.IN,1.127
"Hong Kong SAR, China",HKG,GDP per capita growth (annual %),NY.GDP.PCAP.KD.ZG,5.98638709206976
"Hong Kong SAR, China",HKG,Population growth (annual %),SP.POP.GROW,0.734446396338105
"Hong Kong SAR, China",HKG,"Life expectancy at birth, total (years)",SP.DYN.LE00.IN,82.9575609756098
"Hong Kong SAR, China",HKG,Net migration,SM.POP.NETM,8307
Hungary,HUN,"Fertility rate, total (births per woman)",SP.DYN.TFRT.IN,1.25
Hungary,HUN,GDP per capita growth (annual %),NY.GDP.PCAP.KD.ZG,1.2966366075499
Hungary,HUN,Population growth (annual %),SP.POP.GROW,-0.226013875689698
Hungary,HUN,"Life expectancy at birth, total (years)",SP.DYN.LE00.IN,74.2073170731707
Hungary,HUN,Net migration,SM.POP.NETM,10592
Iceland,ISL,"Fertility rate, total (births per woman)",SP.DYN.TFRT.IN,2.2
Iceland,ISL,GDP per capita growth (annual %),NY.GDP.PCAP.KD.ZG,-2.69284771499748
Iceland,ISL,Population growth (annual %),SP.POP.GROW,-0.143903000294037
Iceland,ISL,"Life expectancy at birth, total (years)",SP.DYN.LE00.IN,81.8975609756097
Iceland,ISL,Net migration,SM.POP.NETM,-2055
India,IND,"Fertility rate, total (births per woman)",SP.DYN.TFRT.IN,2.598
India,IND,GDP per capita growth (annual %),NY.GDP.PCAP.KD.ZG,6.93079780415253
India,IND,Population growth (annual %),SP.POP.GROW,1.45460361883041
India,IND,"Life expectancy at birth, total (years)",SP.DYN.LE00.IN,67.162
India,IND,Net migration,SM.POP.NETM,-50905
Indonesia,IDN,"Fertility rate, total (births per woman)",SP.DYN.TFRT.IN,2.462
Indonesia,IDN,GDP per capita growth (annual %),NY.GDP.PCAP.KD.ZG,4.89326246908787
Indonesia,IDN,Population growth (annual %),SP.POP.GROW,1.26054140134601
Indonesia,IDN,"Life expectancy at birth, total (years)",SP.DYN.LE00.IN,68.364
Indonesia,IDN,Net migration,SM.POP.NETM,-57752
"Iran, Islamic Rep.",IRN,"Fertility rate, total (births per woman)",SP.DYN.TFRT.IN,1.749
"Iran, Islamic Rep.",IRN,GDP per capita growth (annual %),NY.GDP.PCAP.KD.ZG,4.48194623857125
"Iran, Islamic Rep.",IRN,Population growth (annual %),SP.POP.GROW,1.25167392158024
"Iran, Islamic Rep.",IRN,"Life expectancy at birth, total (years)",SP.DYN.LE00.IN,74.39
"Iran, Islamic Rep.",IRN,Net migration,SM.POP.NETM,-12849
Iraq,IRQ,"Fertility rate, total (births per woman)",SP.DYN.TFRT.IN,4.457
Iraq,IRQ,GDP per capita growth (annual %),NY.GDP.PCAP.KD.ZG,3.01924651269078
Iraq,IRQ,Population growth (annual %),SP.POP.GROW,3.23138521802744
Iraq,IRQ,"Life expectancy at birth, total (years)",SP.DYN.LE00.IN,68.092
Iraq,IRQ,Net migration,SM.POP.NETM,92779
Ireland,IRL,"Fertility rate, total (births per woman)",SP.DYN.TFRT.IN,2.05
Ireland,IRL,GDP per capita growth (annual %),NY.GDP.PCAP.KD.ZG,1.1304243741418
Ireland,IRL,Population growth (annual %),SP.POP.GROW,0.544884384079014
Ireland,IRL,"Life expectancy at birth, total (years)",SP.DYN.LE00.IN,80.7439024390244
Ireland,IRL,Net migration,SM.POP.NETM,-26974
Isle of Man,IMN,"Fertility rate, total (births per woman)",SP.DYN.TFRT.IN,1.928
Isle of Man,IMN,GDP per capita growth (annual %),NY.GDP.PCAP.KD.ZG,2.24854803434695
Isle of Man,IMN,Population growth (annual %),SP.POP.GROW,1.1198352163156
Isle of Man,IMN,"Life expectancy at birth, total (years)",SP.DYN.LE00.IN,79.613
Isle of Man,IMN,Net migration,SM.POP.NETM,778
Israel,ISR,"Fertility rate, total (births per woman)",SP.DYN.TFRT.IN,3.03
Israel,ISR,GDP per capita growth (annual %),NY.GDP.PCAP.KD.ZG,3.62399103334153
Israel,ISR,Population growth (annual %),SP.POP.GROW,1.82675240987847
Israel,ISR,"Life expectancy at birth, total (years)",SP.DYN.LE00.IN,81.6024390243903
Israel,ISR,Net migration,SM.POP.NETM,12906
Italy,ITA,"Fertility rate, total (births per woman)",SP.DYN.TFRT.IN,1.44
Italy,ITA,GDP per capita growth (annual %),NY.GDP.PCAP.KD.ZG,1.0811087798198
Italy,ITA,Population growth (annual %),SP.POP.GROW,0.442226157086815
Italy,ITA,"Life expectancy at birth, total (years)",SP.DYN.LE00.IN,82.0365853658537
Italy,ITA,Net migration,SM.POP.NETM,274387
Jamaica,JAM,"Fertility rate, total (births per woman)",SP.DYN.TFRT.IN,1.799
Jamaica,JAM,GDP per capita growth (annual %),NY.GDP.PCAP.KD.ZG,-1.87206742805603
Jamaica,JAM,Population growth (annual %),SP.POP.GROW,0.421944554103184
Jamaica,JAM,"Life expectancy at birth, total (years)",SP.DYN.LE00.IN,71.979
Jamaica,JAM,Net migration,SM.POP.NETM,-13248
Japan,JPN,"Fertility rate, total (births per woman)",SP.DYN.TFRT.IN,1.39
Japan,JPN,GDP per capita growth (annual %),NY.GDP.PCAP.KD.ZG,4.07922304856318
Japan,JPN,Population growth (annual %),SP.POP.GROW,0.0179605415195644
Japan,JPN,"Life expectancy at birth, total (years)",SP.DYN.LE00.IN,82.8426829268293
Japan,JPN,Net migration,SM.POP.NETM,131860
Jordan,JOR,"Fertility rate, total (births per woman)",SP.DYN.TFRT.IN,3.78
Jordan,JOR,GDP per capita growth (annual %),NY.GDP.PCAP.KD.ZG,0.137449407888951
Jordan,JOR,Population growth (annual %),SP.POP.GROW,2.15109331746781
Jordan,JOR,"Life expectancy at birth, total (years)",SP.DYN.LE00.IN,73.797
Jordan,JOR,Net migration,SM.POP.NETM,4872
Kazakhstan,KAZ,"Fertility rate, total (births per woman)",SP.DYN.TFRT.IN,2.61
Kazakhstan,KAZ,GDP per capita growth (annual %),NY.GDP.PCAP.KD.ZG,5.91730119035698
Kazakhstan,KAZ,Population growth (annual %),SP.POP.GROW,1.29700375015965
Kazakhstan,KAZ,"Life expectancy at birth, total (years)",SP.DYN.LE00.IN,68.257
Kazakhstan,KAZ,Net migration,SM.POP.NETM,-6840
Kenya,KEN,"Fertility rate, total (births per woman)",SP.DYN.TFRT.IN,4.446
Kenya,KEN,GDP per capita growth (annual %),NY.GDP.PCAP.KD.ZG,4.96811299885232
Kenya,KEN,Population growth (annual %),SP.POP.GROW,2.90158845467743
Kenya,KEN,"Life expectancy at birth, total (years)",SP.DYN.LE00.IN,60.915
Kenya,KEN,Net migration,SM.POP.NETM,-21069
Kiribati,KIR,"Fertility rate, total (births per woman)",SP.DYN.TFRT.IN,3.898
Kiribati,KIR,GDP per capita growth (annual %),NY.GDP.PCAP.KD.ZG,-0.857158610176697
Kiribati,KIR,Population growth (annual %),SP.POP.GROW,2.07935139998903
Kiribati,KIR,"Life expectancy at birth, total (years)",SP.DYN.LE00.IN,65.859
Kiribati,KIR,Net migration,SM.POP.NETM,-456
"Korea, Dem. People's Rep.",PRK,"Fertility rate, total (births per woman)",SP.DYN.TFRT.IN,1.89
"Korea, Dem. People's Rep.",PRK,GDP per capita growth (annual %),NY.GDP.PCAP.KD.ZG,..
"Korea, Dem. People's Rep.",PRK,Population growth (annual %),SP.POP.GROW,0.436879111426513
"Korea, Dem. People's Rep.",PRK,"Life expectancy at birth, total (years)",SP.DYN.LE00.IN,70.246
"Korea, Dem. People's Rep.",PRK,Net migration,SM.POP.NETM,-3053
"Korea, Rep.",KOR,"Fertility rate, total (births per woman)",SP.DYN.TFRT.IN,1.226
"Korea, Rep.",KOR,GDP per capita growth (annual %),NY.GDP.PCAP.KD.ZG,6.27401988865388
"Korea, Rep.",KOR,Population growth (annual %),SP.POP.GROW,0.49822508440111
"Korea, Rep.",KOR,"Life expectancy at birth, total (years)",SP.DYN.LE00.IN,80.1170731707317
"Korea, Rep.",KOR,Net migration,SM.POP.NETM,52042
Kosovo,XKX,"Fertility rate, total (births per woman)",SP.DYN.TFRT.IN,2.223
Kosovo,XKX,GDP per capita growth (annual %),NY.GDP.PCAP.KD.ZG,5.28831482675317
Kosovo,XKX,Population growth (annual %),SP.POP.GROW,-0.331415173591033
Kosovo,XKX,"Life expectancy at birth, total (years)",SP.DYN.LE00.IN,74.609
Kosovo,XKX,Net migration,SM.POP.NETM,-29433
Kuwait,KWT,"Fertility rate, total (births per woman)",SP.DYN.TFRT.IN,2.044
Kuwait,KWT,GDP per capita growth (annual %),NY.GDP.PCAP.KD.ZG,-7.27588260562241
Kuwait,KWT,Population growth (annual %),SP.POP.GROW,5.15506049102987
Kuwait,KWT,"Life expectancy at birth, total (years)",SP.DYN.LE00.IN,77.7262195121951
Kuwait,KWT,Net migration,SM.POP.NETM,101566
Kyrgyz Republic,KGZ,"Fertility rate, total (births per woman)",SP.DYN.TFRT.IN,3.1
Kyrgyz Republic,KGZ,GDP per capita growth (annual %),NY.GDP.PCAP.KD.ZG,-1.88093371727501
Kyrgyz Republic,KGZ,Population growth (annual %),SP.POP.GROW,1.4261662918386
Kyrgyz Republic,KGZ,"Life expectancy at birth, total (years)",SP.DYN.LE00.IN,69.3
Kyrgyz Republic,KGZ,Net migration,SM.POP.NETM,-6521
Lao PDR,LAO,"Fertility rate, total (births per woman)",SP.DYN.TFRT.IN,3.137
Lao PDR,LAO,GDP per capita growth (annual %),NY.GDP.PCAP.KD.ZG,6.94116593325336
Lao PDR,LAO,Population growth (annual %),SP.POP.GROW,1.47192872108695
Lao PDR,LAO,"Life expectancy at birth, total (years)",SP.DYN.LE00.IN,63.69
Lao PDR,LAO,Net migration,SM.POP.NETM,-30046
Latvia,LVA,"Fertility rate, total (births per woman)",SP.DYN.TFRT.IN,1.36
Latvia,LVA,GDP per capita growth (annual %),NY.GDP.PCAP.KD.ZG,-1.63514379125596
Latvia,LVA,Population growth (annual %),SP.POP.GROW,-2.08130508988111
Latvia,LVA,"Life expectancy at birth, total (years)",SP.DYN.LE00.IN,73.4829268292683
Latvia,LVA,Net migration,SM.POP.NETM,-36128
Lebanon,LBN,"Fertility rate, total (births per woman)",SP.DYN.TFRT.IN,2.256
Lebanon,LBN,GDP per capita growth (annual %),NY.GDP.PCAP.KD.ZG,6.92562408092621
Lebanon,LBN,Population growth (annual %),SP.POP.GROW,0.976748358836896
Lebanon,LBN,"Life expectancy at birth, total (years)",SP.DYN.LE00.IN,77.529
Lebanon,LBN,Net migration,SM.POP.NETM,-40915
Lesotho,LSO,"Fertility rate, total (births per woman)",SP.DYN.TFRT.IN,3.25
Lesotho,LSO,GDP per capita growth (annual %),NY.GDP.PCAP.KD.ZG,4.45925951436652
Lesotho,LSO,Population growth (annual %),SP.POP.GROW,0.772821659424366
Lesotho,LSO,"Life expectancy at birth, total (years)",SP.DYN.LE00.IN,46.045
Lesotho,LSO,Net migration,SM.POP.NETM,-5886
Liberia,LBR,"Fertility rate, total (births per woman)",SP.DYN.TFRT.IN,5.058
Liberia,LBR,GDP per capita growth (annual %),NY.GDP.PCAP.KD.ZG,3.07117998186455
Liberia,LBR,Population growth (annual %),SP.POP.GROW,2.89605811562763
Liberia,LBR,"Life expectancy at birth, total (years)",SP.DYN.LE00.IN,59.358
Liberia,LBR,Net migration,SM.POP.NETM,2850
Libya,LBY,"Fertility rate, total (births per woman)",SP.DYN.TFRT.IN,2.603
Libya,LBY,GDP per capita growth (annual %),NY.GDP.PCAP.KD.ZG,2.90736772244718
Libya,LBY,Population growth (annual %),SP.POP.GROW,2.0390577056462
Libya,LBY,"Life expectancy at birth, total (years)",SP.DYN.LE00.IN,72.196
Libya,LBY,Net migration,SM.POP.NETM,9611
Liechtenstein,LIE,"Fertility rate, total (births per woman)",SP.DYN.TFRT.IN,1.4
Liechtenstein,LIE,GDP per capita growth (annual %),NY.GDP.PCAP.KD.ZG,..
Liechtenstein,LIE,Population growth (annual %),SP.POP.GROW,0.780339504026041
Liechtenstein,LIE,"Life expectancy at birth, total (years)",SP.DYN.LE00.IN,81.8414634146342
Liechtenstein,LIE,Net migration,SM.POP.NETM,124
Lithuania,LTU,"Fertility rate, total (births per woman)",SP.DYN.TFRT.IN,1.5
Lithuania,LTU,GDP per capita growth (annual %),NY.GDP.PCAP.KD.ZG,2.5553360476174
Lithuania,LTU,Population growth (annual %),SP.POP.GROW,-2.09694341985475
Lithuania,LTU,"Life expectancy at birth, total (years)",SP.DYN.LE00.IN,73.2682926829268
Lithuania,LTU,Net migration,SM.POP.NETM,-78887
Luxembourg,LUX,"Fertility rate, total (births per woman)",SP.DYN.TFRT.IN,1.63
Luxembourg,LUX,GDP per capita growth (annual %),NY.GDP.PCAP.KD.ZG,1.88354824324517
Luxembourg,LUX,Population growth (annual %),SP.POP.GROW,1.8254058035237
Luxembourg,LUX,"Life expectancy at birth, total (years)",SP.DYN.LE00.IN,80.6317073170732
Luxembourg,LUX,Net migration,SM.POP.NETM,7909
"Macao SAR, China",MAC,"Fertility rate, total (births per woman)",SP.DYN.TFRT.IN,1.07
"Macao SAR, China",MAC,GDP per capita growth (annual %),NY.GDP.PCAP.KD.ZG,24.6567815180359
"Macao SAR, China",MAC,Population growth (annual %),SP.POP.GROW,0.373134761285818
"Macao SAR, China",MAC,"Life expectancy at birth, total (years)",SP.DYN.LE00.IN,82.2731707317073
"Macao SAR, China",MAC,Net migration,SM.POP.NETM,10079
Madagascar,MDG,"Fertility rate, total (births per woman)",SP.DYN.TFRT.IN,4.896
Madagascar,MDG,GDP per capita growth (annual %),NY.GDP.PCAP.KD.ZG,-2.26580252727942
Madagascar,MDG,Population growth (annual %),SP.POP.GROW,2.90919662127516
Madagascar,MDG,"Life expectancy at birth, total (years)",SP.DYN.LE00.IN,62.597
Madagascar,MDG,Net migration,SM.POP.NETM,-1979
Malawi,MWI,"Fertility rate, total (births per woman)",SP.DYN.TFRT.IN,5.263
Malawi,MWI,GDP per capita growth (annual %),NY.GDP.PCAP.KD.ZG,3.76961752338009
Malawi,MWI,Population growth (annual %),SP.POP.GROW,2.94779608735928
Malawi,MWI,"Life expectancy at birth, total (years)",SP.DYN.LE00.IN,57.787
Malawi,MWI,Net migration,SM.POP.NETM,-9327
Malaysia,MYS,"Fertility rate, total (births per woman)",SP.DYN.TFRT.IN,2.144
Malaysia,MYS,GDP per capita growth (annual %),NY.GDP.PCAP.KD.ZG,5.43424070379723
Malaysia,MYS,Population growth (annual %),SP.POP.GROW,1.87040612656176
Malaysia,MYS,"Life expectancy at birth, total (years)",SP.DYN.LE00.IN,75.376
Malaysia,MYS,Net migration,SM.POP.NETM,157164
Maldives,MDV,"Fertility rate, total (births per woman)",SP.DYN.TFRT.IN,2.349
Maldives,MDV,GDP per capita growth (annual %),NY.GDP.PCAP.KD.ZG,3.08074690167552
Maldives,MDV,Population growth (annual %),SP.POP.GROW,3.53092174013543
Maldives,MDV,"Life expectancy at birth, total (years)",SP.DYN.LE00.IN,76.756
Maldives,MDV,Net migration,SM.POP.NETM,6369
Mali,MLI,"Fertility rate, total (births per woman)",SP.DYN.TFRT.IN,6.579
Mali,MLI,GDP per capita growth (annual %),NY.GDP.PCAP.KD.ZG,3.50416521090007
Mali,MLI,Population growth (annual %),SP.POP.GROW,3.2485140091385
Mali,MLI,"Life expectancy at birth, total (years)",SP.DYN.LE00.IN,55.993
Mali,MLI,Net migration,SM.POP.NETM,-34483
Malta,MLT,"Fertility rate, total (births per woman)",SP.DYN.TFRT.IN,1.36
Malta,MLT,GDP per capita growth (annual %),NY.GDP.PCAP.KD.ZG,5.67700103090836
Malta,MLT,Population growth (annual %),SP.POP.GROW,0.49118281065151
Malta,MLT,"Life expectancy at birth, total (years)",SP.DYN.LE00.IN,81.3975609756098
Malta,MLT,Net migration,SM.POP.NETM,741
Marshall Islands,MHL,"Fertility rate, total (births per woman)",SP.DYN.TFRT.IN,3.673
Marshall Islands,MHL,GDP per capita growth (annual %),NY.GDP.PCAP.KD.ZG,5.48848970412462
Marshall Islands,MHL,Population growth (annual %),SP.POP.GROW,0.0480478181120274
Marshall Islands,MHL,"Life expectancy at birth, total (years)",SP.DYN.LE00.IN,64.498
Marshall Islands,MHL,Net migration,SM.POP.NETM,-1221
Mauritania,MRT,"Fertility rate, total (births per woman)",SP.DYN.TFRT.IN,5.384
Mauritania,MRT,GDP per capita growth (annual %),NY.GDP.PCAP.KD.ZG,-0.603277391963445
Mauritania,MRT,Population growth (annual %),SP.POP.GROW,3.19159403639576
Mauritania,MRT,"Life expectancy at birth, total (years)",SP.DYN.LE00.IN,65.661
Mauritania,MRT,Net migration,SM.POP.NETM,1128
Mauritius,MUS,"Fertility rate, total (births per woman)",SP.DYN.TFRT.IN,1.57
Mauritius,MUS,GDP per capita growth (annual %),NY.GDP.PCAP.KD.ZG,4.12919884822152
Mauritius,MUS,Population growth (annual %),SP.POP.GROW,0.237886692890185
Mauritius,MUS,"Life expectancy at birth, total (years)",SP.DYN.LE00.IN,72.9673170731707
Mauritius,MUS,Net migration,SM.POP.NETM,-2624
Mexico,MEX,"Fertility rate, total (births per woman)",SP.DYN.TFRT.IN,2.34
Mexico,MEX,GDP per capita growth (annual %),NY.GDP.PCAP.KD.ZG,3.47084286921813
Mexico,MEX,Population growth (annual %),SP.POP.GROW,1.43974472572946
Mexico,MEX,"Life expectancy at birth, total (years)",SP.DYN.LE00.IN,73.718
Mexico,MEX,Net migration,SM.POP.NETM,-40845
"Micronesia, Fed. Sts.",FSM,"Fertility rate, total (births per woman)",SP.DYN.TFRT.IN,3.271
"Micronesia, Fed. Sts.",FSM,GDP per capita growth (annual %),NY.GDP.PCAP.KD.ZG,2.65591372014788
"Micronesia, Fed. Sts.",FSM,Population growth (annual %),SP.POP.GROW,-0.387012831252087
"Micronesia, Fed. Sts.",FSM,"Life expectancy at birth, total (years)",SP.DYN.LE00.IN,64.892
"Micronesia, Fed. Sts.",FSM,Net migration,SM.POP.NETM,-1798
Moldova,MDA,"Fertility rate, total (births per woman)",SP.DYN.TFRT.IN,1.703
Moldova,MDA,GDP per capita growth (annual %),NY.GDP.PCAP.KD.ZG,7.20697461136707
Moldova,MDA,Population growth (annual %),SP.POP.GROW,-0.0998329740168972
Moldova,MDA,"Life expectancy at birth, total (years)",SP.DYN.LE00.IN,69.876
Moldova,MDA,Net migration,SM.POP.NETM,-84039
Monaco,MCO,"Fertility rate, total (births per woman)",SP.DYN.TFRT.IN,2.385
Monaco,MCO,GDP per capita growth (annual %),NY.GDP.PCAP.KD.ZG,-0.393849531303786
Monaco,MCO,Population growth (annual %),SP.POP.GROW,2.4388102675618
Monaco,MCO,"Life expectancy at birth, total (years)",SP.DYN.LE00.IN,84.644
Monaco,MCO,Net migration,SM.POP.NETM,808
Mongolia,MNG,"Fertility rate, total (births per woman)",SP.DYN.TFRT.IN,2.4
Mongolia,MNG,GDP per capita growth (annual %),NY.GDP.PCAP.KD.ZG,4.52004039651671
Mongolia,MNG,Population growth (annual %),SP.POP.GROW,1.74992683110286
Mongolia,MNG,"Life expectancy at birth, total (years)",SP.DYN.LE00.IN,68.5056097560976
Mongolia,MNG,Net migration,SM.POP.NETM,-6444
Montenegro,MNE,"Fertility rate, total (births per woman)",SP.DYN.TFRT.IN,1.7
Montenegro,MNE,GDP per capita growth (annual %),NY.GDP.PCAP.KD.ZG,2.54625315972683
Montenegro,MNE,Population growth (annual %),SP.POP.GROW,0.183239906425096
Montenegro,MNE,"Life expectancy at birth, total (years)",SP.DYN.LE00.IN,75.990243902439
Montenegro,MNE,Net migration,SM.POP.NETM,-2276
Morocco,MAR,"Fertility rate, total (births per woman)",SP.DYN.TFRT.IN,2.629
Morocco,MAR,GDP per capita growth (annual %),NY.GDP.PCAP.KD.ZG,2.07976488720576
Morocco,MAR,Population growth (annual %),SP.POP.GROW,1.35274286216317
Morocco,MAR,"Life expectancy at birth, total (years)",SP.DYN.LE00.IN,70.821
Morocco,MAR,Net migration,SM.POP.NETM,-70510
Mozambique,MOZ,"Fertility rate, total (births per woman)",SP.DYN.TFRT.IN,5.66
Mozambique,MOZ,GDP per capita growth (annual %),NY.GDP.PCAP.KD.ZG,3.86194568743883
Mozambique,MOZ,Population growth (annual %),SP.POP.GROW,2.67685903538336
Mozambique,MOZ,"Life expectancy at birth, total (years)",SP.DYN.LE00.IN,55.04
Mozambique,MOZ,Net migration,SM.POP.NETM,-97079
Myanmar,MMR,"Fertility rate, total (births per woman)",SP.DYN.TFRT.IN,2.335
Myanmar,MMR,GDP per capita growth (annual %),NY.GDP.PCAP.KD.ZG,8.82058943535873
Myanmar,MMR,Population growth (annual %),SP.POP.GROW,0.745099607969388
Myanmar,MMR,"Life expectancy at birth, total (years)",SP.DYN.LE00.IN,63.479
Myanmar,MMR,Net migration,SM.POP.NETM,-116481
Namibia,NAM,"Fertility rate, total (births per woman)",SP.DYN.TFRT.IN,3.657
Namibia,NAM,GDP per capita growth (annual %),NY.GDP.PCAP.KD.ZG,4.40996877603639
Namibia,NAM,Population growth (annual %),SP.POP.GROW,1.54841464345813
Namibia,NAM,"Life expectancy at birth, total (years)",SP.DYN.LE00.IN,56.093
Namibia,NAM,Net migration,SM.POP.NETM,-8518
Nauru,NRU,"Fertility rate, total (births per woman)",SP.DYN.TFRT.IN,4.019
Nauru,NRU,GDP per capita growth (annual %),NY.GDP.PCAP.KD.ZG,-0.428390793882855
Nauru,NRU,Population growth (annual %),SP.POP.GROW,0.269206005345923
Nauru,NRU,"Life expectancy at birth, total (years)",SP.DYN.LE00.IN,60.074
Nauru,NRU,Net migration,SM.POP.NETM,-246
Nepal,NPL,"Fertility rate, total (births per woman)",SP.DYN.TFRT.IN,2.541
Nepal,NPL,GDP per capita growth (annual %),NY.GDP.PCAP.KD.ZG,4.16886489216166
Nepal,NPL,Population growth (annual %),SP.POP.GROW,0.619710468212554
Nepal,NPL,"Life expectancy at birth, total (years)",SP.DYN.LE00.IN,66.772
Nepal,NPL,Net migration,SM.POP.NETM,-269963
Netherlands,NLD,"Fertility rate, total (births per woman)",SP.DYN.TFRT.IN,1.79
Netherlands,NLD,GDP per capita growth (annual %),NY.GDP.PCAP.KD.ZG,0.800960653466348
Netherlands,NLD,Population growth (annual %),SP.POP.GROW,0.512923100553586
Netherlands,NLD,"Life expectancy at birth, total (years)",SP.DYN.LE00.IN,80.7024390243902
Netherlands,NLD,Net migration,SM.POP.NETM,33703
New Caledonia,NCL,"Fertility rate, total (births per woman)",SP.DYN.TFRT.IN,2.187
New Caledonia,NCL,GDP per capita growth (annual %),NY.GDP.PCAP.KD.ZG,..
New Caledonia,NCL,Population growth (annual %),SP.POP.GROW,1.66994351621015
New Caledonia,NCL,"Life expectancy at birth, total (years)",SP.DYN.LE00.IN,75.992
New Caledonia,NCL,Net migration,SM.POP.NETM,1956
New Zealand,NZL,"Fertility rate, total (births per woman)",SP.DYN.TFRT.IN,2.17
New Zealand,NZL,GDP per capita growth (annual %),NY.GDP.PCAP.KD.ZG,0.336940895877831
New Zealand,NZL,Population growth (annual %),SP.POP.GROW,1.1117260560215
New Zealand,NZL,"Life expectancy at birth, total (years)",SP.DYN.LE00.IN,80.9048780487805
New Zealand,NZL,Net migration,SM.POP.NETM,6722
Nicaragua,NIC,"Fertility rate, total (births per woman)",SP.DYN.TFRT.IN,2.596
Nicaragua,NIC,GDP per capita growth (annual %),NY.GDP.PCAP.KD.ZG,2.9388092403868
Nicaragua,NIC,Population growth (annual %),SP.POP.GROW,1.41916789623706
Nicaragua,NIC,"Life expectancy at birth, total (years)",SP.DYN.LE00.IN,71.761
Nicaragua,NIC,Net migration,SM.POP.NETM,-29081
Niger,NER,"Fertility rate, total (births per woman)",SP.DYN.TFRT.IN,7.64
Niger,NER,GDP per capita growth (annual %),NY.GDP.PCAP.KD.ZG,4.60766589552573
Niger,NER,Population growth (annual %),SP.POP.GROW,3.72535077368531
Niger,NER,"Life expectancy at birth, total (years)",SP.DYN.LE00.IN,57.08
Niger,NER,Net migration,SM.POP.NETM,-8033
Nigeria,NGA,"Fertility rate, total (births per woman)",SP.DYN.TFRT.IN,5.948
Nigeria,NGA,GDP per capita growth (annual %),NY.GDP.PCAP.KD.ZG,5.02853779310237
Nigeria,NGA,Population growth (annual %),SP.POP.GROW,2.795149361277
Nigeria,NGA,"Life expectancy at birth, total (years)",SP.DYN.LE00.IN,51.315
Nigeria,NGA,Net migration,SM.POP.NETM,47966
North Macedonia,MKD,"Fertility rate, total (births per woman)",SP.DYN.TFRT.IN,1.6
North Macedonia,MKD,GDP per capita growth (annual %),NY.GDP.PCAP.KD.ZG,4.02171749784563
North Macedonia,MKD,Population growth (annual %),SP.POP.GROW,-0.63937448291812
North Macedonia,MKD,"Life expectancy at birth, total (years)",SP.DYN.LE00.IN,74.9975609756098
North Macedonia,MKD,Net migration,SM.POP.NETM,-16668
Northern Mariana Islands,MNP,"Fertility rate, total (births per woman)",SP.DYN.TFRT.IN,2.982
Northern Mariana Islands,MNP,GDP per capita growth (annual %),NY.GDP.PCAP.KD.ZG,3.70912591649699
Northern Mariana Islands,MNP,Population growth (annual %),SP.POP.GROW,-2.25570725189976
Northern Mariana Islands,MNP,"Life expectancy at birth, total (years)",SP.DYN.LE00.IN,77.8
Northern Mariana Islands,MNP,Net migration,SM.POP.NETM,-1587
Norway,NOR,"Fertility rate, total (births per woman)",SP.DYN.TFRT.IN,1.95
Norway,NOR,GDP per capita growth (annual %),NY.GDP.PCAP.KD.ZG,-0.460631240331892
Norway,NOR,Population growth (annual %),SP.POP.GROW,1.24566617956207
Norway,NOR,"Life expectancy at birth, total (years)",SP.DYN.LE00.IN,80.9975609756098
Norway,NOR,Net migration,SM.POP.NETM,42865
Oman,OMN,"Fertility rate, total (births per woman)",SP.DYN.TFRT.IN,2.973
Oman,OMN,GDP per capita growth (annual %),NY.GDP.PCAP.KD.ZG,-0.232906393185388
Oman,OMN,Population growth (annual %),SP.POP.GROW,2.6751170964985
Oman,OMN,"Life expectancy at birth, total (years)",SP.DYN.LE00.IN,77.184
Oman,OMN,Net migration,SM.POP.NETM,28717
Pakistan,PAK,"Fertility rate, total (births per woman)",SP.DYN.TFRT.IN,4.398
Pakistan,PAK,GDP per capita growth (annual %),NY.GDP.PCAP.KD.ZG,-0.97547471765489
Pakistan,PAK,Population growth (annual %),SP.POP.GROW,2.47081701538021
Pakistan,PAK,"Life expectancy at birth, total (years)",SP.DYN.LE00.IN,64.378
Pakistan,PAK,Net migration,SM.POP.NETM,-431902
Palau,PLW,"Fertility rate, total (births per woman)",SP.DYN.TFRT.IN,1.937
Palau,PLW,GDP per capita growth (annual %),NY.GDP.PCAP.KD.ZG,0.790317696963982
Palau,PLW,Population growth (annual %),SP.POP.GROW,-1.68714418256042
Palau,PLW,"Life expectancy at birth, total (years)",SP.DYN.LE00.IN,68.347
Palau,PLW,Net migration,SM.POP.NETM,-392
Panama,PAN,"Fertility rate, total (births per woman)",SP.DYN.TFRT.IN,2.587
Panama,PAN,GDP per capita growth (annual %),NY.GDP.PCAP.KD.ZG,4.19797204867427
Panama,PAN,Population growth (annual %),SP.POP.GROW,1.78385792968885
Panama,PAN,"Life expectancy at birth, total (years)",SP.DYN.LE00.IN,76.417
Panama,PAN,Net migration,SM.POP.NETM,4953
Papua New Guinea,PNG,"Fertility rate, total (births per woman)",SP.DYN.TFRT.IN,3.883
Papua New Guinea,PNG,GDP per capita growth (annual %),NY.GDP.PCAP.KD.ZG,6.85231014831385
Papua New Guinea,PNG,Population growth (annual %),SP.POP.GROW,3.01998467654888
Papua New Guinea,PNG,"Life expectancy at birth, total (years)",SP.DYN.LE00.IN,63.056
Papua New Guinea,PNG,Net migration,SM.POP.NETM,50106
Paraguay,PRY,"Fertility rate, total (births per woman)",SP.DYN.TFRT.IN,2.695
Paraguay,PRY,GDP per capita growth (annual %),NY.GDP.PCAP.KD.ZG,9.80314731436218
Paraguay,PRY,Population growth (annual %),SP.POP.GROW,1.16985801191993
Paraguay,PRY,"Life expectancy at birth, total (years)",SP.DYN.LE00.IN,72.551
Paraguay,PRY,Net migration,SM.POP.NETM,-26169
Peru,PER,"Fertility rate, total (births per woman)",SP.DYN.TFRT.IN,2.421
Peru,PER,GDP per capita growth (annual %),NY.GDP.PCAP.KD.ZG,7.6277436246787
Peru,PER,Population growth (annual %),SP.POP.GROW,0.652636898148331
Peru,PER,"Life expectancy at birth, total (years)",SP.DYN.LE00.IN,72.886
Peru,PER,Net migration,SM.POP.NETM,-181302
Philippines,PHL,"Fertility rate, total (births per woman)",SP.DYN.TFRT.IN,3.315
Philippines,PHL,GDP per capita growth (annual %),NY.GDP.PCAP.KD.ZG,5.15869430276467
Philippines,PHL,Population growth (annual %),SP.POP.GROW,2.04795425200975
Philippines,PHL,"Life expectancy at birth, total (years)",SP.DYN.LE00.IN,68.883
Philippines,PHL,Net migration,SM.POP.NETM,13556
Poland,POL,"Fertility rate, total (births per woman)",SP.DYN.TFRT.IN,1.41
Poland,POL,GDP per capita growth (annual %),NY.GDP.PCAP.KD.ZG,3.46400853867873
Poland,POL,Population growth (annual %),SP.POP.GROW,-0.285609121534849
Poland,POL,"Life expectancy at birth, total (years)",SP.DYN.LE00.IN,76.2463414634146
Poland,POL,Net migration,SM.POP.NETM,119623
Portugal,PRT,"Fertility rate, total (births per woman)",SP.DYN.TFRT.IN,1.39
Portugal,PRT,GDP per capita growth (annual %),NY.GDP.PCAP.KD.ZG,1.69092746716328
Portugal,PRT,Population growth (annual %),SP.POP.GROW,0.0459100367184907
Portugal,PRT,"Life expectancy at birth, total (years)",SP.DYN.LE00.IN,79.0268292682927
Portugal,PRT,Net migration,SM.POP.NETM,-5627
Puerto Rico (US),PRI,"Fertility rate, total (births per woman)",SP.DYN.TFRT.IN,1.6235
Puerto Rico (US),PRI,GDP per capita growth (annual %),NY.GDP.PCAP.KD.ZG,0.0130918561743698
Puerto Rico (US),PRI,Population growth (annual %),SP.POP.GROW,-0.427201373092374
Puerto Rico (US),PRI,"Life expectancy at birth, total (years)",SP.DYN.LE00.IN,78.717
Puerto Rico (US),PRI,Net migration,SM.POP.NETM,-30960
Qatar,QAT,"Fertility rate, total (births per woman)",SP.DYN.TFRT.IN,2.137
Qatar,QAT,GDP per capita growth (annual %),NY.GDP.PCAP.KD.ZG,19.0058466072559
Qatar,QAT,Population growth (annual %),SP.POP.GROW,0.491609879237911
Qatar,QAT,"Life expectancy at birth, total (years)",SP.DYN.LE00.IN,79.444
Qatar,QAT,Net migration,SM.POP.NETM,90620
Romania,ROU,"Fertility rate, total (births per woman)",SP.DYN.TFRT.IN,1.59
Romania,ROU,GDP per capita growth (annual %),NY.GDP.PCAP.KD.ZG,-3.33335291355054
Romania,ROU,Population growth (annual %),SP.POP.GROW,-0.593959183588628
Romania,ROU,"Life expectancy at birth, total (years)",SP.DYN.LE00.IN,73.4585365853659
Romania,ROU,Net migration,SM.POP.NETM,-122364
Russian Federation,RUS,"Fertility rate, total (births per woman)",SP.DYN.TFRT.IN,1.567
Russian Federation,RUS,GDP per capita growth (annual %),NY.GDP.PCAP.KD.ZG,4.45309639834757
Russian Federation,RUS,Population growth (annual %),SP.POP.GROW,0.0448964884428055
Russian Federation,RUS,"Life expectancy at birth, total (years)",SP.DYN.LE00.IN,68.8412195121951
Russian Federation,RUS,Net migration,SM.POP.NETM,307555
Rwanda,RWA,"Fertility rate, total (births per woman)",SP.DYN.TFRT.IN,4.522
Rwanda,RWA,GDP per capita growth (annual %),NY.GDP.PCAP.KD.ZG,4.65979796365141
Rwanda,RWA,Population growth (annual %),SP.POP.GROW,2.52365134392041
Rwanda,RWA,"Life expectancy at birth, total (years)",SP.DYN.LE00.IN,62.804
Rwanda,RWA,Net migration,SM.POP.NETM,-29501
Samoa,WSM,"Fertility rate, total (births per woman)",SP.DYN.TFRT.IN,4.52
Samoa,WSM,GDP per capita growth (annual %),NY.GDP.PCAP.KD.ZG,5.29451664588825
Samoa,WSM,Population growth (annual %),SP.POP.GROW,0.785366135493998
Samoa,WSM,"Life expectancy at birth, total (years)",SP.DYN.LE00.IN,71.451
Samoa,WSM,Net migration,SM.POP.NETM,-3197
San Marino,SMR,"Fertility rate, total (births per woman)",SP.DYN.TFRT.IN,1.459
San Marino,SMR,GDP per capita growth (annual %),NY.GDP.PCAP.KD.ZG,-6.05328650752219
San Marino,SMR,Population growth (annual %),SP.POP.GROW,0.615052590123215
San Marino,SMR,"Life expectancy at birth, total (years)",SP.DYN.LE00.IN,83.464
San Marino,SMR,Net migration,SM.POP.NETM,592
Sao Tome and Principe,STP,"Fertility rate, total (births per woman)",SP.DYN.TFRT.IN,4.769
Sao Tome and Principe,STP,GDP per capita growth (annual %),NY.GDP.PCAP.KD.ZG,-0.755150615358019
Sao Tome and Principe,STP,Population growth (annual %),SP.POP.GROW,2.1960816383463
Sao Tome and Principe,STP,"Life expectancy at birth, total (years)",SP.DYN.LE00.IN,63.867
Sao Tome and Principe,STP,Net migration,SM.POP.NETM,-1529
Saudi Arabia,SAU,"Fertility rate, total (births per woman)",SP.DYN.TFRT.IN,2.81
Saudi Arabia,SAU,GDP per capita growth (annual %),NY.GDP.PCAP.KD.ZG,6.08720360847519
Saudi Arabia,SAU,Population growth (annual %),SP.POP.GROW,-0.992481797243179
Saudi Arabia,SAU,"Life expectancy at birth, total (years)",SP.DYN.LE00.IN,75.616
Saudi Arabia,SAU,Net migration,SM.POP.NETM,504955
Senegal,SEN,"Fertility rate, total (births per woman)",SP.DYN.TFRT.IN,5.055
Senegal,SEN,GDP per capita growth (annual %),NY.GDP.PCAP.KD.ZG,0.952269607225944
Senegal,SEN,Population growth (annual %),SP.POP.GROW,2.38690195279185
Senegal,SEN,"Life expectancy at birth, total (years)",SP.DYN.LE00.IN,64.221
Senegal,SEN,Net migration,SM.POP.NETM,-69888
Serbia,SRB,"Fertility rate, total (births per woman)",SP.DYN.TFRT.IN,1.4
Serbia,SRB,GDP per capita growth (annual %),NY.GDP.PCAP.KD.ZG,2.02027692991339
Serbia,SRB,Population growth (annual %),SP.POP.GROW,-0.402005900874718
Serbia,SRB,"Life expectancy at birth, total (years)",SP.DYN.LE00.IN,74.3365853658537
Serbia,SRB,Net migration,SM.POP.NETM,3632
Seychelles,SYC,"Fertility rate, total (births per woman)",SP.DYN.TFRT.IN,2.16
Seychelles,SYC,GDP per capita growth (annual %),NY.GDP.PCAP.KD.ZG,1.62737013590673
Seychelles,SYC,Population growth (annual %),SP.POP.GROW,2.79232906929128
Seychelles,SYC,"Life expectancy at birth, total (years)",SP.DYN.LE00.IN,73.1975609756098
Seychelles,SYC,Net migration,SM.POP.NETM,740
Sierra Leone,SLE,"Fertility rate, total (births per woman)",SP.DYN.TFRT.IN,5.327
Sierra Leone,SLE,GDP per capita growth (annual %),NY.GDP.PCAP.KD.ZG,3.5002192188053
Sierra Leone,SLE,Population growth (annual %),SP.POP.GROW,2.72150859888002
Sierra Leone,SLE,"Life expectancy at birth, total (years)",SP.DYN.LE00.IN,51.927
Sierra Leone,SLE,Net migration,SM.POP.NETM,7983
Singapore,SGP,"Fertility rate, total (births per woman)",SP.DYN.TFRT.IN,1.15
Singapore,SGP,GDP per capita growth (annual %),NY.GDP.PCAP.KD.ZG,12.5085215498552
Singapore,SGP,Population growth (annual %),SP.POP.GROW,1.77183287926401
Singapore,SGP,"Life expectancy at birth, total (years)",SP.DYN.LE00.IN,81.5414634146342
Singapore,SGP,Net migration,SM.POP.NETM,72571
Sint Maarten (Dutch part),SXM,"Fertility rate, total (births per woman)",SP.DYN.TFRT.IN,1.848
Sint Maarten (Dutch part),SXM,GDP per capita growth (annual %),NY.GDP.PCAP.KD.ZG,2.2746924085417
Sint Maarten (Dutch part),SXM,Population growth (annual %),SP.POP.GROW,0.900652591853574
Sint Maarten (Dutch part),SXM,"Life expectancy at birth, total (years)",SP.DYN.LE00.IN,74.821
Sint Maarten (Dutch part),SXM,Net migration,SM.POP.NETM,-24
Slovak Republic,SVK,"Fertility rate, total (births per woman)",SP.DYN.TFRT.IN,1.43
Slovak Republic,SVK,GDP per capita growth (annual %),NY.GDP.PCAP.KD.ZG,6.69110844613654
Slovak Republic,SVK,Population growth (annual %),SP.POP.GROW,0.0931912731899838
Slovak Republic,SVK,"Life expectancy at birth, total (years)",SP.DYN.LE00.IN,75.1121951219512
Slovak Republic,SVK,Net migration,SM.POP.NETM,-1814
Slovenia,SVN,"Fertility rate, total (births per woman)",SP.DYN.TFRT.IN,1.57
Slovenia,SVN,GDP per capita growth (annual %),NY.GDP.PCAP.KD.ZG,0.672167911403392
Slovenia,SVN,Population growth (annual %),SP.POP.GROW,0.43607948463593
Slovenia,SVN,"Life expectancy at birth, total (years)",SP.DYN.LE00.IN,79.4219512195122
Slovenia,SVN,Net migration,SM.POP.NETM,-410
Solomon Islands,SLB,"Fertility rate, total (births per woman)",SP.DYN.TFRT.IN,4.341
Solomon Islands,SLB,GDP per capita growth (annual %),NY.GDP.PCAP.KD.ZG,6.65633575453435
Solomon Islands,SLB,Population growth (annual %),SP.POP.GROW,2.82139788482931
Solomon Islands,SLB,"Life expectancy at birth, total (years)",SP.DYN.LE00.IN,68.669
Solomon Islands,SLB,Net migration,SM.POP.NETM,5040
"Somalia, Fed. Rep.",SOM,"Fertility rate, total (births per woman)",SP.DYN.TFRT.IN,7.322
"Somalia, Fed. Rep.",SOM,GDP per capita growth (annual %),NY.GDP.PCAP.KD.ZG,4.0791048970797
"Somalia, Fed. Rep.",SOM,Population growth (annual %),SP.POP.GROW,2.48169887268086
"Somalia, Fed. Rep.",SOM,"Life expectancy at birth, total (years)",SP.DYN.LE00.IN,48.9
"Somalia, Fed. Rep.",SOM,Net migration,SM.POP.NETM,-88448
South Africa,ZAF,"Fertility rate, total (births per woman)",SP.DYN.TFRT.IN,2.445
South Africa,ZAF,GDP per capita growth (annual %),NY.GDP.PCAP.KD.ZG,1.82804672464107
South Africa,ZAF,Population growth (annual %),SP.POP.GROW,1.1829095702162
South Africa,ZAF,"Life expectancy at birth, total (years)",SP.DYN.LE00.IN,58.886
South Africa,ZAF,Net migration,SM.POP.NETM,68563
South Sudan,SSD,"Fertility rate, total (births per woman)",SP.DYN.TFRT.IN,5.318
South Sudan,SSD,GDP per capita growth (annual %),NY.GDP.PCAP.KD.ZG,0.0553052206663267
South Sudan,SSD,Population growth (annual %),SP.POP.GROW,5.29254618151503
South Sudan,SSD,"Life expectancy at birth, total (years)",SP.DYN.LE00.IN,57.485
South Sudan,SSD,Net migration,SM.POP.NETM,299402
Spain,ESP,"Fertility rate, total (births per woman)",SP.DYN.TFRT.IN,1.37
Spain,ESP,GDP per capita growth (annual %),NY.GDP.PCAP.KD.ZG,-0.365660089983677
Spain,ESP,Population growth (annual %),SP.POP.GROW,0.460408305051304
Spain,ESP,"Life expectancy at birth, total (years)",SP.DYN.LE00.IN,81.6268292682927
Spain,ESP,Net migration,SM.POP.NETM,69406
Sri Lanka,LKA,"Fertility rate, total (births per woman)",SP.DYN.TFRT.IN,2.134
Sri Lanka,LKA,GDP per capita growth (annual %),NY.GDP.PCAP.KD.ZG,7.38142864786508
Sri Lanka,LKA,Population growth (annual %),SP.POP.GROW,0.589181271319281
Sri Lanka,LKA,"Life expectancy at birth, total (years)",SP.DYN.LE00.IN,74.463
Sri Lanka,LKA,Net migration,SM.POP.NETM,-98060
St. Kitts and Nevis,KNA,"Fertility rate, total (births per woman)",SP.DYN.TFRT.IN,1.762
St. Kitts and Nevis,KNA,GDP per capita growth (annual %),NY.GDP.PCAP.KD.ZG,0.0951505914335229
St. Kitts and Nevis,KNA,Population growth (annual %),SP.POP.GROW,-0.149314248854052
St. Kitts and Nevis,KNA,"Life expectancy at birth, total (years)",SP.DYN.LE00.IN,71.452
St. Kitts and Nevis,KNA,Net migration,SM.POP.NETM,-449
St. Lucia,LCA,"Fertility rate, total (births per woman)",SP.DYN.TFRT.IN,1.673
St. Lucia,LCA,GDP per capita growth (annual %),NY.GDP.PCAP.KD.ZG,-0.278750187807233
St. Lucia,LCA,Population growth (annual %),SP.POP.GROW,0.608614599646534
St. Lucia,LCA,"Life expectancy at birth, total (years)",SP.DYN.LE00.IN,72.768
St. Lucia,LCA,Net migration,SM.POP.NETM,-170
St. Martin (French part),MAF,"Fertility rate, total (births per woman)",SP.DYN.TFRT.IN,2.4
St. Martin (French part),MAF,GDP per capita growth (annual %),NY.GDP.PCAP.KD.ZG,..
St. Martin (French part),MAF,Population growth (annual %),SP.POP.GROW,0.965137402578689
St. Martin (French part),MAF,"Life expectancy at birth, total (years)",SP.DYN.LE00.IN,78.752
St. Martin (French part),MAF,Net migration,SM.POP.NETM,-357
St. Vincent and the Grenadines,VCT,"Fertility rate, total (births per woman)",SP.DYN.TFRT.IN,2.144
St. Vincent and the Grenadines,VCT,GDP per capita growth (annual %),NY.GDP.PCAP.KD.ZG,-3.99351095016873
St. Vincent and the Grenadines,VCT,Population growth (annual %),SP.POP.GROW,-0.498034748761649
St. Vincent and the Grenadines,VCT,"Life expectancy at birth, total (years)",SP.DYN.LE00.IN,70.66
St. Vincent and the Grenadines,VCT,Net migration,SM.POP.NETM,-1371
Sudan,SDN,"Fertility rate, total (births per woman)",SP.DYN.TFRT.IN,5.141
Sudan,SDN,GDP per capita growth (annual %),NY.GDP.PCAP.KD.ZG,0.758886048751407
Sudan,SDN,Population growth (annual %),SP.POP.GROW,2.41578933319134
Sudan,SDN,"Life expectancy at birth, total (years)",SP.DYN.LE00.IN,62.979
Sudan,SDN,Net migration,SM.POP.NETM,-339466
Suriname,SUR,"Fertility rate, total (births per woman)",SP.DYN.TFRT.IN,2.688
Suriname,SUR,GDP per capita growth (annual %),NY.GDP.PCAP.KD.ZG,3.95347703289852
Suriname,SUR,Population growth (annual %),SP.POP.GROW,1.16234546951658
Suriname,SUR,"Life expectancy at birth, total (years)",SP.DYN.LE00.IN,69.626
Suriname,SUR,Net migration,SM.POP.NETM,-1138
Sweden,SWE,"Fertility rate, total (births per woman)",SP.DYN.TFRT.IN,1.98
Sweden,SWE,GDP per capita growth (annual %),NY.GDP.PCAP.KD.ZG,4.853016846231
Sweden,SWE,Population growth (annual %),SP.POP.GROW,0.852524628765313
Sweden,SWE,"Life expectancy at birth, total (years)",SP.DYN.LE00.IN,81.4512195121951
Sweden,SWE,Net migration,SM.POP.NETM,51175
Switzerland,CHE,"Fertility rate, total (births per woman)",SP.DYN.TFRT.IN,1.52
Switzerland,CHE,GDP per capita growth (annual %),NY.GDP.PCAP.KD.ZG,2.17363798688378
Switzerland,CHE,Population growth (annual %),SP.POP.GROW,1.0415580576588
Switzerland,CHE,"Life expectancy at birth, total (years)",SP.DYN.LE00.IN,82.2463414634147
Switzerland,CHE,Net migration,SM.POP.NETM,76388
Syrian Arab Republic,SYR,"Fertility rate, total (births per woman)",SP.DYN.TFRT.IN,3.355
Syrian Arab Republic,SYR,GDP per capita growth (annual %),NY.GDP.PCAP.KD.ZG,2.82697106833621
Syrian Arab Republic,SYR,Population growth (annual %),SP.POP.GROW,2.27386735787712
Syrian Arab Republic,SYR,"Life expectancy at birth, total (years)",SP.DYN.LE00.IN,73.542
Syrian Arab Republic,SYR,Net migration,SM.POP.NETM,-54359
Tajikistan,TJK,"Fertility rate, total (births per woman)",SP.DYN.TFRT.IN,3.457
Tajikistan,TJK,GDP per capita growth (annual %),NY.GDP.PCAP.KD.ZG,4.24657467143167
Tajikistan,TJK,Population growth (annual %),SP.POP.GROW,2.13859732955825
Tajikistan,TJK,"Life expectancy at birth, total (years)",SP.DYN.LE00.IN,68.37
Tajikistan,TJK,Net migration,SM.POP.NETM,-33733
Tanzania,TZA,"Fertility rate, total (births per woman)",SP.DYN.TFRT.IN,5.225
Tanzania,TZA,GDP per capita growth (annual %),NY.GDP.PCAP.KD.ZG,3.67041498018565
Tanzania,TZA,Population growth (annual %),SP.POP.GROW,2.54448522649017
Tanzania,TZA,"Life expectancy at birth, total (years)",SP.DYN.LE00.IN,61.127
Tanzania,TZA,Net migration,SM.POP.NETM,-122020
Thailand,THA,"Fertility rate, total (births per woman)",SP.DYN.TFRT.IN,1.562
Thailand,THA,GDP per capita growth (annual %),NY.GDP.PCAP.KD.ZG,6.79479928649167
Thailand,THA,Population growth (annual %),SP.POP.GROW,0.670617338343587
Thailand,THA,"Life expectancy at birth, total (years)",SP.DYN.LE00.IN,75.012
Thailand,THA,Net migration,SM.POP.NETM,52791
Timor-Leste,TLS,"Fertility rate, total (births per woman)",SP.DYN.TFRT.IN,4.816
Timor-Leste,TLS,GDP per capita growth (annual %),NY.GDP.PCAP.KD.ZG,6.7211928053722
Timor-Leste,TLS,Population growth (annual %),SP.POP.GROW,2.41648998363508
Timor-Leste,TLS,"Life expectancy at birth, total (years)",SP.DYN.LE00.IN,63.66
Timor-Leste,TLS,Net migration,SM.POP.NETM,470
Togo,TGO,"Fertility rate, total (births per woman)",SP.DYN.TFRT.IN,5.087
Togo,TGO,GDP per capita growth (annual %),NY.GDP.PCAP.KD.ZG,3.01287149732366
Togo,TGO,Population growth (annual %),SP.POP.GROW,2.72101716624637
Togo,TGO,"Life expectancy at birth, total (years)",SP.DYN.LE00.IN,57.227
Togo,TGO,Net migration,SM.POP.NETM,-1964
Tonga,TON,"Fertility rate, total (births per woman)",SP.DYN.TFRT.IN,3.879
Tonga,TON,GDP per capita growth (annual %),NY.GDP.PCAP.KD.ZG,0.639458308941471
Tonga,TON,Population growth (annual %),SP.POP.GROW,0.183594875501069
Tonga,TON,"Life expectancy at birth, total (years)",SP.DYN.LE00.IN,71.319
Tonga,TON,Net migration,SM.POP.NETM,-2097
Trinidad and Tobago,TTO,"Fertility rate, total (births per woman)",SP.DYN.TFRT.IN,1.614
Trinidad and Tobago,TTO,GDP per capita growth (annual %),NY.GDP.PCAP.KD.ZG,2.72667409792857
Trinidad and Tobago,TTO,Population growth (annual %),SP.POP.GROW,0.579036711567976
Trinidad and Tobago,TTO,"Life expectancy at birth, total (years)",SP.DYN.LE00.IN,71.809
Trinidad and Tobago,TTO,Net migration,SM.POP.NETM,-2230
Tunisia,TUN,"Fertility rate, total (births per woman)",SP.DYN.TFRT.IN,2.075
Tunisia,TUN,GDP per capita growth (annual %),NY.GDP.PCAP.KD.ZG,1.86835635362381
Tunisia,TUN,Population growth (annual %),SP.POP.GROW,1.07673286637757
Tunisia,TUN,"Life expectancy at birth, total (years)",SP.DYN.LE00.IN,74.438
Tunisia,TUN,Net migration,SM.POP.NETM,-14168
Turkiye,TUR,"Fertility rate, total (births per woman)",SP.DYN.TFRT.IN,2.08
Turkiye,TUR,GDP per capita growth (annual %),NY.GDP.PCAP.KD.ZG,6.79208232586733
Turkiye,TUR,Population growth (annual %),SP.POP.GROW,1.51943093763293
Turkiye,TUR,"Life expectancy at birth, total (years)",SP.DYN.LE00.IN,74.964
Turkiye,TUR,Net migration,SM.POP.NETM,55532
Turkmenistan,TKM,"Fertility rate, total (births per woman)",SP.DYN.TFRT.IN,2.848
Turkmenistan,TKM,GDP per capita growth (annual %),NY.GDP.PCAP.KD.ZG,6.98701634742274
Turkmenistan,TKM,Population growth (annual %),SP.POP.GROW,2.0473578649564
Turkmenistan,TKM,"Life expectancy at birth, total (years)",SP.DYN.LE00.IN,68.608
Turkmenistan,TKM,Net migration,SM.POP.NETM,6621
Turks and Caicos Islands,TCA,"Fertility rate, total (births per woman)",SP.DYN.TFRT.IN,1.907
Turks and Caicos Islands,TCA,GDP per capita growth (annual %),NY.GDP.PCAP.KD.ZG,-2.92353368570767
Turks and Caicos Islands,TCA,Population growth (annual %),SP.POP.GROW,3.94722663611378
Turks and Caicos Islands,TCA,"Life expectancy at birth, total (years)",SP.DYN.LE00.IN,76.784
Turks and Caicos Islands,TCA,Net migration,SM.POP.NETM,863
Tuvalu,TUV,"Fertility rate, total (births per woman)",SP.DYN.TFRT.IN,3.442
Tuvalu,TUV,GDP per capita growth (annual %),NY.GDP.PCAP.KD.ZG,-3.63168142704605
Tuvalu,TUV,Population growth (annual %),SP.POP.GROW,1.45198280440794
Tuvalu,TUV,"Life expectancy at birth, total (years)",SP.DYN.LE00.IN,64.834
Tuvalu,TUV,Net migration,SM.POP.NETM,22
Uganda,UGA,"Fertility rate, total (births per woman)",SP.DYN.TFRT.IN,6.019
Uganda,UGA,GDP per capita growth (annual %),NY.GDP.PCAP.KD.ZG,2.57308463341826
Uganda,UGA,Population growth (annual %),SP.POP.GROW,2.9438913354304
Uganda,UGA,"Life expectancy at birth, total (years)",SP.DYN.LE00.IN,59.959
Uganda,UGA,Net migration,SM.POP.NETM,-168322
Ukraine,UKR,"Fertility rate, total (births per woman)",SP.DYN.TFRT.IN,1.436
Ukraine,UKR,GDP per capita growth (annual %),NY.GDP.PCAP.KD.ZG,4.46782513515676
Ukraine,UKR,Population growth (annual %),SP.POP.GROW,-0.360396778842802
Ukraine,UKR,"Life expectancy at birth, total (years)",SP.DYN.LE00.IN,70.188
Ukraine,UKR,Net migration,SM.POP.NETM,16030
United Arab Emirates,ARE,"Fertility rate, total (births per woman)",SP.DYN.TFRT.IN,1.565
United Arab Emirates,ARE,GDP per capita growth (annual %),NY.GDP.PCAP.KD.ZG,-0.804617484632033
United Arab Emirates,ARE,Population growth (annual %),SP.POP.GROW,2.39801204084647
United Arab Emirates,ARE,"Life expectancy at birth, total (years)",SP.DYN.LE00.IN,81.886
United Arab Emirates,ARE,Net migration,SM.POP.NETM,161842
United Kingdom,GBR,"Fertility rate, total (births per woman)",SP.DYN.TFRT.IN,1.92
United Kingdom,GBR,GDP per capita growth (annual %),NY.GDP.PCAP.KD.ZG,1.43505257035225
United Kingdom,GBR,Population growth (annual %),SP.POP.GROW,0.783888646646516
United Kingdom,GBR,"Life expectancy at birth, total (years)",SP.DYN.LE00.IN,80.4024390243902
United Kingdom,GBR,Net migration,SM.POP.NETM,274811
United States,USA,"Fertility rate, total (births per woman)",SP.DYN.TFRT.IN,1.931
United States,USA,GDP per capita growth (annual %),NY.GDP.PCAP.KD.ZG,1.82992369865936
United States,USA,Population growth (annual %),SP.POP.GROW,0.846129865832117
United States,USA,"Life expectancy at birth, total (years)",SP.DYN.LE00.IN,78.5414634146342
United States,USA,Net migration,SM.POP.NETM,1594453
Uruguay,URY,"Fertility rate, total (births per woman)",SP.DYN.TFRT.IN,2.011
Uruguay,URY,GDP per capita growth (annual %),NY.GDP.PCAP.KD.ZG,7.52764617823019
Uruguay,URY,Population growth (annual %),SP.POP.GROW,0.256129913246022
Uruguay,URY,"Life expectancy at birth, total (years)",SP.DYN.LE00.IN,76.691
Uruguay,URY,Net migration,SM.POP.NETM,-7696
Uzbekistan,UZB,"Fertility rate, total (births per woman)",SP.DYN.TFRT.IN,2.442
Uzbekistan,UZB,GDP per capita growth (annual %),NY.GDP.PCAP.KD.ZG,5.90590026943735
Uzbekistan,UZB,Population growth (annual %),SP.POP.GROW,1.58433607799586
Uzbekistan,UZB,"Life expectancy at birth, total (years)",SP.DYN.LE00.IN,69.836
Uzbekistan,UZB,Net migration,SM.POP.NETM,-20380
Vanuatu,VUT,"Fertility rate, total (births per woman)",SP.DYN.TFRT.IN,4.126
Vanuatu,VUT,GDP per capita growth (annual %),NY.GDP.PCAP.KD.ZG,-1.08593808514806
Vanuatu,VUT,Population growth (annual %),SP.POP.GROW,2.34288677835416
Vanuatu,VUT,"Life expectancy at birth, total (years)",SP.DYN.LE00.IN,69.57
Vanuatu,VUT,Net migration,SM.POP.NETM,-1413
"Venezuela, RB",VEN,"Fertility rate, total (births per woman)",SP.DYN.TFRT.IN,2.396
"Venezuela, RB",VEN,GDP per capita growth (annual %),NY.GDP.PCAP.KD.ZG,-2.77023251504841
"Venezuela, RB",VEN,Population growth (annual %),SP.POP.GROW,1.30934216855774
"Venezuela, RB",VEN,"Life expectancy at birth, total (years)",SP.DYN.LE00.IN,73.092
"Venezuela, RB",VEN,Net migration,SM.POP.NETM,-52781
Viet Nam,VNM,"Fertility rate, total (births per woman)",SP.DYN.TFRT.IN,1.906
Viet Nam,VNM,GDP per capita growth (annual %),NY.GDP.PCAP.KD.ZG,5.21227683604808
Viet Nam,VNM,Population growth (annual %),SP.POP.GROW,1.14440259659988
Viet Nam,VNM,"Life expectancy at birth, total (years)",SP.DYN.LE00.IN,73.611
Viet Nam,VNM,Net migration,SM.POP.NETM,-4443
Virgin Islands (U.S.),VIR,"Fertility rate, total (births per woman)",SP.DYN.TFRT.IN,2.3
Virgin Islands (U.S.),VIR,GDP per capita growth (annual %),NY.GDP.PCAP.KD.ZG,0.640017045957947
Virgin Islands (U.S.),VIR,Population growth (annual %),SP.POP.GROW,-0.0433657352905335
Virgin Islands (U.S.),VIR,"Life expectancy at birth, total (years)",SP.DYN.LE00.IN,77.8658536585366
Virgin Islands (U.S.),VIR,Net migration,SM.POP.NETM,-1251
West Bank and Gaza,PSE,"Fertility rate, total (births per woman)",SP.DYN.TFRT.IN,4.434
West Bank and Gaza,PSE,GDP per capita growth (annual %),NY.GDP.PCAP.KD.ZG,3.06565425625401
West Bank and Gaza,PSE,Population growth (annual %),SP.POP.GROW,2.59703221798976
West Bank and Gaza,PSE,"Life expectancy at birth, total (years)",SP.DYN.LE00.IN,73.302
West Bank and Gaza,PSE,Net migration,SM.POP.NETM,-26351
"Yemen, Rep.",YEM,"Fertility rate, total (births per woman)",SP.DYN.TFRT.IN,4.81
"Yemen, Rep.",YEM,GDP per capita growth (annual %),NY.GDP.PCAP.KD.ZG,4.37449720786746
"Yemen, Rep.",YEM,Population growth (annual %),SP.POP.GROW,3.13856389755931
"Yemen, Rep.",YEM,"Life expectancy at birth, total (years)",SP.DYN.LE00.IN,67.223
"Yemen, Rep.",YEM,Net migration,SM.POP.NETM,20269
Zambia,ZMB,"Fertility rate, total (births per woman)",SP.DYN.TFRT.IN,5.359
Zambia,ZMB,GDP per capita growth (annual %),NY.GDP.PCAP.KD.ZG,6.54512358380669
Zambia,ZMB,Population growth (annual %),SP.POP.GROW,3.46192274224024
Zambia,ZMB,"Life expectancy at birth, total (years)",SP.DYN.LE00.IN,56.896
Zambia,ZMB,Net migration,SM.POP.NETM,22761
Zimbabwe,ZWE,"Fertility rate, total (births per woman)",SP.DYN.TFRT.IN,4.04
Zimbabwe,ZWE,GDP per capita growth (annual %),NY.GDP.PCAP.KD.ZG,17.7601241720939
Zimbabwe,ZWE,Population growth (annual %),SP.POP.GROW,1.61334322032425
Zimbabwe,ZWE,"Life expectancy at birth, total (years)",SP.DYN.LE00.IN,51.925
Zimbabwe,ZWE,Net migration,SM.POP.NETM,-108671
Africa Eastern and Southern,AFE,"Fertility rate, total (births per woman)",SP.DYN.TFRT.IN,5.06649694569372
Africa Eastern and Southern,AFE,GDP per capita growth (annual %),NY.GDP.PCAP.KD.ZG,2.3699849053211
Africa Eastern and Southern,AFE,Population growth (annual %),SP.POP.GROW,2.73452519643287
Africa Eastern and Southern,AFE,"Life expectancy at birth, total (years)",SP.DYN.LE00.IN,58.8272792062821
Africa Eastern and Southern,AFE,Net migration,SM.POP.NETM,-413050
Africa Western and Central,AFW,"Fertility rate, total (births per woman)",SP.DYN.TFRT.IN,5.71289596656524
Africa Western and Central,AFW,GDP per capita growth (annual %),NY.GDP.PCAP.KD.ZG,4.09023808244575
Africa Western and Central,AFW,Population growth (annual %),SP.POP.GROW,2.78698893627561
Africa Western and Central,AFW,"Life expectancy at birth, total (years)",SP.DYN.LE00.IN,54.603353213388
Africa Western and Central,AFW,Net migration,SM.POP.NETM,-310519
Arab World,ARB,"Fertility rate, total (births per woman)",SP.DYN.TFRT.IN,3.57186073483879
Arab World,ARB,GDP per capita growth (annual %),NY.GDP.PCAP.KD.ZG,2.76677365953439
Arab World,ARB,Population growth (annual %),SP.POP.GROW,1.99515168852155
Arab World,ARB,"Life expectancy at birth, total (years)",SP.DYN.LE00.IN,69.8073221012027
Arab World,ARB,Net migration,SM.POP.NETM,156222
Caribbean small states,CSS,"Fertility rate, total (births per woman)",SP.DYN.TFRT.IN,2.07173708976326
Caribbean small states,CSS,GDP per capita growth (annual %),NY.GDP.PCAP.KD.ZG,1.24927617855994
Caribbean small states,CSS,Population growth (annual %),SP.POP.GROW,0.635465035251728
Caribbean small states,CSS,"Life expectancy at birth, total (years)",SP.DYN.LE00.IN,71.0114366987074
Caribbean small states,CSS,Net migration,SM.POP.NETM,-16092
Central Europe and the Baltics,CEB,"Fertility rate, total (births per woman)",SP.DYN.TFRT.IN,1.46183448121757
Central Europe and the Baltics,CEB,GDP per capita growth (annual %),NY.GDP.PCAP.KD.ZG,1.90713006032762
Central Europe and the Baltics,CEB,Population growth (annual %),SP.POP.GROW,-0.362321893446287
Central Europe and the Baltics,CEB,"Life expectancy at birth, total (years)",SP.DYN.LE00.IN,75.2939657786314
Central Europe and the Baltics,CEB,Net migration,SM.POP.NETM,-103905
Early-demographic dividend,EAR,"Fertility rate, total (births per woman)",SP.DYN.TFRT.IN,2.82072261952737
Early-demographic dividend,EAR,GDP per capita growth (annual %),NY.GDP.PCAP.KD.ZG,4.86894975635562
Early-demographic dividend,EAR,Population growth (annual %),SP.POP.GROW,1.54675845386388
Early-demographic dividend,EAR,"Life expectancy at birth, total (years)",SP.DYN.LE00.IN,67.8244434669729
Early-demographic dividend,EAR,Net migration,SM.POP.NETM,-2324365
East Asia & Pacific,EAS,"Fertility rate, total (births per woman)",SP.DYN.TFRT.IN,1.86033578165821
East Asia & Pacific,EAS,GDP per capita growth (annual %),NY.GDP.PCAP.KD.ZG,6.86651758671388
East Asia & Pacific,EAS,Population growth (annual %),SP.POP.GROW,0.700770611250663
East Asia & Pacific,EAS,"Life expectancy at birth, total (years)",SP.DYN.LE00.IN,74.6299790050688
East Asia & Pacific,EAS,Net migration,SM.POP.NETM,268353
East Asia & Pacific (excluding high income),EAP,"Fertility rate, total (births per woman)",SP.DYN.TFRT.IN,1.91349993221803
East Asia & Pacific (excluding high income),EAP,GDP per capita growth (annual %),NY.GDP.PCAP.KD.ZG,9.08581842606037
East Asia & Pacific (excluding high income),EAP,Population growth (annual %),SP.POP.GROW,0.741733055460152
East Asia & Pacific (excluding high income),EAP,"Life expectancy at birth, total (years)",SP.DYN.LE00.IN,73.7616390609633
East Asia & Pacific (excluding high income),EAP,Net migration,SM.POP.NETM,-193531
East Asia & Pacific (IDA & IBRD countries),TEA,"Fertility rate, total (births per woman)",SP.DYN.TFRT.IN,1.91380463770064
East Asia & Pacific (IDA & IBRD countries),TEA,GDP per capita growth (annual %),NY.GDP.PCAP.KD.ZG,9.08122097933945
East Asia & Pacific (IDA & IBRD countries),TEA,Population growth (annual %),SP.POP.GROW,0.745622555784235
East Asia & Pacific (IDA & IBRD countries),TEA,"Life expectancy at birth, total (years)",SP.DYN.LE00.IN,73.8065980873172
East Asia & Pacific (IDA & IBRD countries),TEA,Net migration,SM.POP.NETM,-191116
Euro area,EMU,"Fertility rate, total (births per woman)",SP.DYN.TFRT.IN,1.57511738680375
Euro area,EMU,GDP per capita growth (annual %),NY.GDP.PCAP.KD.ZG,1.86200696939038
Euro area,EMU,Population growth (annual %),SP.POP.GROW,0.254268113475692
Euro area,EMU,"Life expectancy at birth, total (years)",SP.DYN.LE00.IN,80.6989426195589
Euro area,EMU,Net migration,SM.POP.NETM,566966
Europe & Central Asia,ECS,"Fertility rate, total (births per woman)",SP.DYN.TFRT.IN,1.72571098484824
Europe & Central Asia,ECS,GDP per capita growth (annual %),NY.GDP.PCAP.KD.ZG,2.2513095526689
Europe & Central Asia,ECS,Population growth (annual %),SP.POP.GROW,0.365344248524332
Europe & Central Asia,ECS,"Life expectancy at birth, total (years)",SP.DYN.LE00.IN,75.9954040762695
Europe & Central Asia,ECS,Net migration,SM.POP.NETM,1059732
Europe & Central Asia (excluding high income),ECA,"Fertility rate, total (births per woman)",SP.DYN.TFRT.IN,2.04838130370044
Europe & Central Asia (excluding high income),ECA,GDP per capita growth (annual %),NY.GDP.PCAP.KD.ZG,6.19709314851646
Europe & Central Asia (excluding high income),ECA,Population growth (annual %),SP.POP.GROW,0.809647377625494
Europe & Central Asia (excluding high income),ECA,"Life expectancy at birth, total (years)",SP.DYN.LE00.IN,71.9125911481178
Europe & Central Asia (excluding high income),ECA,Net migration,SM.POP.NETM,-292154
Europe & Central Asia (IDA & IBRD countries),TEC,"Fertility rate, total (births per woman)",SP.DYN.TFRT.IN,1.81007603093137
Europe & Central Asia (IDA & IBRD countries),TEC,GDP per capita growth (annual %),NY.GDP.PCAP.KD.ZG,4.27612457915083
Europe & Central Asia (IDA & IBRD countries),TEC,Population growth (annual %),SP.POP.GROW,0.369045723134963
Europe & Central Asia (IDA & IBRD countries),TEC,"Life expectancy at birth, total (years)",SP.DYN.LE00.IN,71.4358973425353
Europe & Central Asia (IDA & IBRD countries),TEC,Net migration,SM.POP.NETM,-13003
European Union,EUU,"Fertility rate, total (births per woman)",SP.DYN.TFRT.IN,1.5634616186116
European Union,EUU,GDP per capita growth (annual %),NY.GDP.PCAP.KD.ZG,2.02278193173282
European Union,EUU,Population growth (annual %),SP.POP.GROW,0.158405309698739
European Union,EUU,"Life expectancy at birth, total (years)",SP.DYN.LE00.IN,79.6354307923887
European Union,EUU,Net migration,SM.POP.NETM,656784
Fragile and conflict affected situations,FCS,"Fertility rate, total (births per woman)",SP.DYN.TFRT.IN,4.8959233094296
Fragile and conflict affected situations,FCS,GDP per capita growth (annual %),NY.GDP.PCAP.KD.ZG,4.42616907320441
Fragile and conflict affected situations,FCS,Population growth (annual %),SP.POP.GROW,2.47627067215411
Fragile and conflict affected situations,FCS,"Life expectancy at birth, total (years)",SP.DYN.LE00.IN,59.3431607628088
Fragile and conflict affected situations,FCS,Net migration,SM.POP.NETM,-616623
Heavily indebted poor countries (HIPC),HPC,"Fertility rate, total (births per woman)",SP.DYN.TFRT.IN,5.46351892829272
Heavily indebted poor countries (HIPC),HPC,GDP per capita growth (annual %),NY.GDP.PCAP.KD.ZG,3.28036945352925
Heavily indebted poor countries (HIPC),HPC,Population growth (annual %),SP.POP.GROW,2.7711118820923
Heavily indebted poor countries (HIPC),HPC,"Life expectancy at birth, total (years)",SP.DYN.LE00.IN,58.7324571528893
Heavily indebted poor countries (HIPC),HPC,Net migration,SM.POP.NETM,-1400560
High income,HIC,"Fertility rate, total (births per woman)",SP.DYN.TFRT.IN,1.67609288601583
High income,HIC,GDP per capita growth (annual %),NY.GDP.PCAP.KD.ZG,2.57866851696143
High income,HIC,Population growth (annual %),SP.POP.GROW,0.445325900959658
High income,HIC,"Life expectancy at birth, total (years)",SP.DYN.LE00.IN,78.595698767804
High income,HIC,Net migration,SM.POP.NETM,4497497
IBRD only,IBD,"Fertility rate, total (births per woman)",SP.DYN.TFRT.IN,2.18129232312236
IBRD only,IBD,GDP per capita growth (annual %),NY.GDP.PCAP.KD.ZG,6.72577964292694
IBRD only,IBD,Population growth (annual %),SP.POP.GROW,1.02685278367989
IBRD only,IBD,"Life expectancy at birth, total (years)",SP.DYN.LE00.IN,71.5021795019761
IBRD only,IBD,Net migration,SM.POP.NETM,-754928
IDA & IBRD total,IBT,"Fertility rate, total (births per woman)",SP.DYN.TFRT.IN,2.71688569614126
IDA & IBRD total,IBT,GDP per capita growth (annual %),NY.GDP.PCAP.KD.ZG,6.25240538643472
IDA & IBRD total,IBT,Population growth (annual %),SP.POP.GROW,1.34740543625619
IDA & IBRD total,IBT,"Life expectancy at birth, total (years)",SP.DYN.LE00.IN,68.9258375211718
IDA & IBRD total,IBT,Net migration,SM.POP.NETM,-4140909
IDA blend,IDB,"Fertility rate, total (births per woman)",SP.DYN.TFRT.IN,4.79809212619671
IDA blend,IDB,GDP per capita growth (annual %),NY.GDP.PCAP.KD.ZG,3.27296438015019
IDA blend,IDB,Population growth (annual %),SP.POP.GROW,2.55223333507348
IDA blend,IDB,"Life expectancy at birth, total (years)",SP.DYN.LE00.IN,59.0515129063523
IDA blend,IDB,Net migration,SM.POP.NETM,-691885
IDA only,IDX,"Fertility rate, total (births per woman)",SP.DYN.TFRT.IN,4.39936757527563
IDA only,IDX,GDP per capita growth (annual %),NY.GDP.PCAP.KD.ZG,4.09849063210899
IDA only,IDX,Population growth (annual %),SP.POP.GROW,2.22682654798599
IDA only,IDX,"Life expectancy at birth, total (years)",SP.DYN.LE00.IN,62.0443451288407
IDA only,IDX,Net migration,SM.POP.NETM,-2694096
IDA total,IDA,"Fertility rate, total (births per woman)",SP.DYN.TFRT.IN,4.53867977619126
IDA total,IDA,GDP per capita growth (annual %),NY.GDP.PCAP.KD.ZG,3.73440246522667
IDA total,IDA,Population growth (annual %),SP.POP.GROW,2.34160294661654
IDA total,IDA,"Life expectancy at birth, total (years)",SP.DYN.LE00.IN,60.9876114032049
IDA total,IDA,Net migration,SM.POP.NETM,-3385981
Late-demographic dividend,LTE,"Fertility rate, total (births per woman)",SP.DYN.TFRT.IN,1.74154532573495
Late-demographic dividend,LTE,GDP per capita growth (annual %),NY.GDP.PCAP.KD.ZG,7.42734911141731
Late-demographic dividend,LTE,Population growth (annual %),SP.POP.GROW,0.562341466763332
Late-demographic dividend,LTE,"Life expectancy at birth, total (years)",SP.DYN.LE00.IN,74.7108209347901
Late-demographic dividend,LTE,Net migration,SM.POP.NETM,-161751
Latin America & Caribbean,LCN,"Fertility rate, total (births per woman)",SP.DYN.TFRT.IN,2.17888507325984
Latin America & Caribbean,LCN,GDP per capita growth (annual %),NY.GDP.PCAP.KD.ZG,5.23652085802837
Latin America & Caribbean,LCN,Population growth (annual %),SP.POP.GROW,1.08873794675901
Latin America & Caribbean,LCN,"Life expectancy at birth, total (years)",SP.DYN.LE00.IN,73.4093227755616
Latin America & Caribbean,LCN,Net migration,SM.POP.NETM,-880978
Latin America & Caribbean (excluding high income),LAC,"Fertility rate, total (births per woman)",SP.DYN.TFRT.IN,2.18424014886755
Latin America & Caribbean (excluding high income),LAC,GDP per capita growth (annual %),NY.GDP.PCAP.KD.ZG,5.52776161685216
Latin America & Caribbean (excluding high income),LAC,Population growth (annual %),SP.POP.GROW,1.09312877985907
Latin America & Caribbean (excluding high income),LAC,"Life expectancy at birth, total (years)",SP.DYN.LE00.IN,73.1190309784384
Latin America & Caribbean (excluding high income),LAC,Net migration,SM.POP.NETM,-809545
Latin America & the Caribbean (IDA & IBRD countries),TLA,"Fertility rate, total (births per woman)",SP.DYN.TFRT.IN,2.19235147808548
Latin America & the Caribbean (IDA & IBRD countries),TLA,GDP per capita growth (annual %),NY.GDP.PCAP.KD.ZG,5.49168370694957
Latin America & the Caribbean (IDA & IBRD countries),TLA,Population growth (annual %),SP.POP.GROW,1.11973184926313
Latin America & the Caribbean (IDA & IBRD countries),TLA,"Life expectancy at birth, total (years)",SP.DYN.LE00.IN,73.2840381673624
Latin America & the Caribbean (IDA & IBRD countries),TLA,Net migration,SM.POP.NETM,-818622
Least developed countries: UN classification,LDC,"Fertility rate, total (births per woman)",SP.DYN.TFRT.IN,4.60145641254696
Least developed countries: UN classification,LDC,GDP per capita growth (annual %),NY.GDP.PCAP.KD.ZG,3.83184686671443
Least developed countries: UN classification,LDC,Population growth (annual %),SP.POP.GROW,2.32542713270737
Least developed countries: UN classification,LDC,"Life expectancy at birth, total (years)",SP.DYN.LE00.IN,61.0408922197593
Least developed countries: UN classification,LDC,Net migration,SM.POP.NETM,-2291413
Low & middle income,LMY,"Fertility rate, total (births per woman)",SP.DYN.TFRT.IN,2.72599706462258
Low & middle income,LMY,GDP per capita growth (annual %),NY.GDP.PCAP.KD.ZG,6.68146423959197
Low & middle income,LMY,Population growth (annual %),SP.POP.GROW,1.37561424789051
Low & middle income,LMY,"Life expectancy at birth, total (years)",SP.DYN.LE00.IN,68.9547877376437
Low & middle income,LMY,Net migration,SM.POP.NETM,-4520702
Low income,LIC,"Fertility rate, total (births per woman)",SP.DYN.TFRT.IN,5.45603302277218
Low income,LIC,GDP per capita growth (annual %),NY.GDP.PCAP.KD.ZG,3.52861265697612
Low income,LIC,Population growth (annual %),SP.POP.GROW,2.81881699524429
Low income,LIC,"Life expectancy at birth, total (years)",SP.DYN.LE00.IN,59.9256637801227
Low income,LIC,Net migration,SM.POP.NETM,-745130
Lower middle income,LMC,"Fertility rate, total (births per woman)",SP.DYN.TFRT.IN,3.1709175010369
Lower middle income,LMC,GDP per capita growth (annual %),NY.GDP.PCAP.KD.ZG,5.03254810125347
Lower middle income,LMC,Population growth (annual %),SP.POP.GROW,1.71918462378512
Lower middle income,LMC,"Life expectancy at birth, total (years)",SP.DYN.LE00.IN,65.554398103155
Lower middle income,LMC,Net migration,SM.POP.NETM,-2945225
"Middle East, North Africa, Afghanistan & Pakistan",MEA,"Fertility rate, total (births per woman)",SP.DYN.TFRT.IN,3.49627868102769
"Middle East, North Africa, Afghanistan & Pakistan",MEA,GDP per capita growth (annual %),NY.GDP.PCAP.KD.ZG,2.67701833169689
"Middle East, North Africa, Afghanistan & Pakistan",MEA,Population growth (annual %),SP.POP.GROW,2.05352451276423
"Middle East, North Africa, Afghanistan & Pakistan",MEA,"Life expectancy at birth, total (years)",SP.DYN.LE00.IN,69.2105446964534
"Middle East, North Africa, Afghanistan & Pakistan",MEA,Net migration,SM.POP.NETM,-11724
"Middle East, North Africa, Afghanistan & Pakistan (excluding high income)",MNA,"Fertility rate, total (births per woman)",SP.DYN.TFRT.IN,3.56282894271289
"Middle East, North Africa, Afghanistan & Pakistan (excluding high income)",MNA,GDP per capita growth (annual %),NY.GDP.PCAP.KD.ZG,2.58676136907366
"Middle East, North Africa, Afghanistan & Pakistan (excluding high income)",MNA,Population growth (annual %),SP.POP.GROW,2.16349756712473
"Middle East, North Africa, Afghanistan & Pakistan (excluding high income)",MNA,"Life expectancy at birth, total (years)",SP.DYN.LE00.IN,68.4912505131132
"Middle East, North Africa, Afghanistan & Pakistan (excluding high income)",MNA,Net migration,SM.POP.NETM,-893742
"Middle East, North Africa, Afghanistan & Pakistan (IDA & IBRD)",TMN,"Fertility rate, total (births per woman)",SP.DYN.TFRT.IN,3.5573121719595
"Middle East, North Africa, Afghanistan & Pakistan (IDA & IBRD)",TMN,GDP per capita growth (annual %),NY.GDP.PCAP.KD.ZG,2.58346778848453
"Middle East, North Africa, Afghanistan & Pakistan (IDA & IBRD)",TMN,Population growth (annual %),SP.POP.GROW,2.16064221940925
"Middle East, North Africa, Afghanistan & Pakistan (IDA & IBRD)",TMN,"Life expectancy at birth, total (years)",SP.DYN.LE00.IN,68.4594967501144
"Middle East, North Africa, Afghanistan & Pakistan (IDA & IBRD)",TMN,Net migration,SM.POP.NETM,-867391
Middle income,MIC,"Fertility rate, total (births per woman)",SP.DYN.TFRT.IN,2.52466580636529
Middle income,MIC,GDP per capita growth (annual %),NY.GDP.PCAP.KD.ZG,6.84002309967069
Middle income,MIC,Population growth (annual %),SP.POP.GROW,1.2555736244468
Middle income,MIC,"Life expectancy at birth, total (years)",SP.DYN.LE00.IN,69.7116856504068
Middle income,MIC,Net migration,SM.POP.NETM,-3775572
North America,NAC,"Fertility rate, total (births per woman)",SP.DYN.TFRT.IN,1.90241045540461
North America,NAC,GDP per capita growth (annual %),NY.GDP.PCAP.KD.ZG,1.83184752632984
North America,NAC,Population growth (annual %),SP.POP.GROW,0.872248322965573
North America,NAC,"Life expectancy at birth, total (years)",SP.DYN.LE00.IN,78.8169547045614
North America,NAC,Net migration,SM.POP.NETM,1819621
Not classified,INX,"Fertility rate, total (births per woman)",SP.DYN.TFRT.IN,..
Not classified,INX,GDP per capita growth (annual %),NY.GDP.PCAP.KD.ZG,..
Not classified,INX,Population growth (annual %),SP.POP.GROW,..
Not classified,INX,"Life expectancy at birth, total (years)",SP.DYN.LE00.IN,..
Not classified,INX,Net migration,SM.POP.NETM,..
OECD members,OED,"Fertility rate, total (births per woman)",SP.DYN.TFRT.IN,1.7911408975842
OECD members,OED,GDP per capita growth (annual %),NY.GDP.PCAP.KD.ZG,2.25908360375269
OECD members,OED,Population growth (annual %),SP.POP.GROW,0.677505276897995
OECD members,OED,"Life expectancy at birth, total (years)",SP.DYN.LE00.IN,79.0473008520596
OECD members,OED,Net migration,SM.POP.NETM,3383262
Other small states,OSS,"Fertility rate, total (births per woman)",SP.DYN.TFRT.IN,2.57095295288463
Other small states,OSS,GDP per capita growth (annual %),NY.GDP.PCAP.KD.ZG,1.26649468093692
Other small states,OSS,Population growth (annual %),SP.POP.GROW,1.11211730324926
Other small states,OSS,"Life expectancy at birth, total (years)",SP.DYN.LE00.IN,69.566524844548
Other small states,OSS,Net migration,SM.POP.NETM,-8109
Pacific island small states,PSS,"Fertility rate, total (births per woman)",SP.DYN.TFRT.IN,3.51570587097517
Pacific island small states,PSS,GDP per capita growth (annual %),NY.GDP.PCAP.KD.ZG,2.51426013771324
Pacific island small states,PSS,Population growth (annual %),SP.POP.GROW,1.183838881745
Pacific island small states,PSS,"Life expectancy at birth, total (years)",SP.DYN.LE00.IN,67.9059171883101
Pacific island small states,PSS,Net migration,SM.POP.NETM,-16112
Post-demographic dividend,PST,"Fertility rate, total (births per woman)",SP.DYN.TFRT.IN,1.66079042885459
Post-demographic dividend,PST,GDP per capita growth (annual %),NY.GDP.PCAP.KD.ZG,2.40529797491564
Post-demographic dividend,PST,Population growth (annual %),SP.POP.GROW,0.474124527896789
Post-demographic dividend,PST,"Life expectancy at birth, total (years)",SP.DYN.LE00.IN,79.6785405516336
Post-demographic dividend,PST,Net migration,SM.POP.NETM,3303884
Pre-demographic dividend,PRE,"Fertility rate, total (births per woman)",SP.DYN.TFRT.IN,5.68740273604675
Pre-demographic dividend,PRE,GDP per capita growth (annual %),NY.GDP.PCAP.KD.ZG,3.5175865091196
Pre-demographic dividend,PRE,Population growth (annual %),SP.POP.GROW,2.93512437276865
Pre-demographic dividend,PRE,"Life expectancy at birth, total (years)",SP.DYN.LE00.IN,57.1219983597813
Pre-demographic dividend,PRE,Net migration,SM.POP.NETM,-792863
Small states,SST,"Fertility rate, total (births per woman)",SP.DYN.TFRT.IN,2.56685568430678
Small states,SST,GDP per capita growth (annual %),NY.GDP.PCAP.KD.ZG,1.26517472117887
Small states,SST,Population growth (annual %),SP.POP.GROW,1.00805671545675
Small states,SST,"Life expectancy at birth, total (years)",SP.DYN.LE00.IN,69.6933118913694
Small states,SST,Net migration,SM.POP.NETM,-40313
South Asia,SAS,"Fertility rate, total (births per woman)",SP.DYN.TFRT.IN,2.56574779030977
South Asia,SAS,GDP per capita growth (annual %),NY.GDP.PCAP.KD.ZG,6.72705848207893
South Asia,SAS,Population growth (annual %),SP.POP.GROW,1.36549213990938
South Asia,SAS,"Life expectancy at birth, total (years)",SP.DYN.LE00.IN,67.3525068406787
South Asia,SAS,Net migration,SM.POP.NETM,-1527208
South Asia (IDA & IBRD),TSA,"Fertility rate, total (births per woman)",SP.DYN.TFRT.IN,2.56574779030977
South Asia (IDA & IBRD),TSA,GDP per capita growth (annual %),NY.GDP.PCAP.KD.ZG,6.72705848207893
South Asia (IDA & IBRD),TSA,Population growth (annual %),SP.POP.GROW,1.36549213990938
South Asia (IDA & IBRD),TSA,"Life expectancy at birth, total (years)",SP.DYN.LE00.IN,67.3525068406787
South Asia (IDA & IBRD),TSA,Net migration,SM.POP.NETM,-1527208
Sub-Saharan Africa,SSF,"Fertility rate, total (births per woman)",SP.DYN.TFRT.IN,5.32483728093835
Sub-Saharan Africa,SSF,GDP per capita growth (annual %),NY.GDP.PCAP.KD.ZG,3.13213058184955
Sub-Saharan Africa,SSF,Population growth (annual %),SP.POP.GROW,2.75588804167845
Sub-Saharan Africa,SSF,"Life expectancy at birth, total (years)",SP.DYN.LE00.IN,57.1070604462138
Sub-Saharan Africa,SSF,Net migration,SM.POP.NETM,-723569
Sub-Saharan Africa (excluding high income),SSA,"Fertility rate, total (births per woman)",SP.DYN.TFRT.IN,5.32986470328555
Sub-Saharan Africa (excluding high income),SSA,GDP per capita growth (annual %),NY.GDP.PCAP.KD.ZG,2.96386596947667
Sub-Saharan Africa (excluding high income),SSA,Population growth (annual %),SP.POP.GROW,2.74695987259406
Sub-Saharan Africa (excluding high income),SSA,"Life expectancy at birth, total (years)",SP.DYN.LE00.IN,56.8122732906384
Sub-Saharan Africa (excluding high income),SSA,Net migration,SM.POP.NETM,-804522
Sub-Saharan Africa (IDA & IBRD countries),TSS,"Fertility rate, total (births per woman)",SP.DYN.TFRT.IN,5.32483728093835
Sub-Saharan Africa (IDA & IBRD countries),TSS,GDP per capita growth (annual %),NY.GDP.PCAP.KD.ZG,3.13213058184955
Sub-Saharan Africa (IDA & IBRD countries),TSS,Population growth (annual %),SP.POP.GROW,2.75588804167845
Sub-Saharan Africa (IDA & IBRD countries),TSS,"Life expectancy at birth, total (years)",SP.DYN.LE00.IN,57.1070604462138
Sub-Saharan Africa (IDA & IBRD countries),TSS,Net migration,SM.POP.NETM,-723569
Upper middle income,UMC,"Fertility rate, total (births per woman)",SP.DYN.TFRT.IN,1.93188483222883
Upper middle income,UMC,GDP per capita growth (annual %),NY.GDP.PCAP.KD.ZG,7.67375006485796
Upper middle income,UMC,Population growth (annual %),SP.POP.GROW,0.798255018018448
Upper middle income,UMC,"Life expectancy at birth, total (years)",SP.DYN.LE00.IN,73.8314745903693
Upper middle income,UMC,Net migration,SM.POP.NETM,-830347
World,WLD,"Fertility rate, total (births per woman)",SP.DYN.TFRT.IN,2.5681653452478
World,WLD,GDP per capita growth (annual %),NY.GDP.PCAP.KD.ZG,3.26292949064214
World,WLD,Population growth (annual %),SP.POP.GROW,1.21683691645466
World,WLD,"Life expectancy at birth, total (years)",SP.DYN.LE00.IN,70.6818433466141
World,WLD,Net migration,SM.POP.NETM,0
,,,,
,,,,
,,,,
Data from database: World Development Indicators,,,,
Last Updated: 10/07/2025,,,,
